"1015","","4025","","7","7","7.88E-6","3.25E-6"
"1031","","4005","","7","7","4.99E-6","2.06E-6"
"1031","","4025","","7","7","1.27E-5","5.23E-6"
"1039","","4025","","7","7","1.09E-6","4.51E-7"
"1055","","4025","","7","7","4.74E-5","1.95E-5"
"1061","","4005","","7","7","4.62E-7","1.91E-7"
"1061","","4025","","7","7","1.17E-6","4.84E-7"
"1069","","4005","","7","7","1.64E-5","6.77E-6"
"1069","","4025","","7","7","4.17E-5","1.72E-5"
"1081","","4005","","7","7","4.45E-7","1.84E-7"
"1081","","4025","","7","7","1.13E-6","4.66E-7"
"1083","","4015","","7","7","8.16E-7","3.37E-7"
"1089","","4015","","7","7","8.63E-7","3.56E-7"
"1089","","4025","","7","7","2.58E-6","1.06E-6"
"1101","","4025","","7","7","8.49E-5","3.50E-5"
"1103","","4015","","7","7","2.45E-5","1.01E-5"
"1103","","4025","","7","7","7.32E-5","3.02E-5"
"1109","","4005","","7","7","2.73E-6","1.13E-6"
"1109","","4025","","7","7","6.93E-6","2.86E-6"
"1125","","4015","","7","7","6.89E-6","2.84E-6"
"4013","","4001","","2","7","0.025516503182405","0.0072716591039153"
"4013","","4001","","3","7","0.05171304152549","0.16693563712942"
"4013","","4001","","4","7","0.095724291366794","0.10244659570162"
"4013","","4001","","5","7","0.015541072729353","0.051856939157617"
"4013","","4001","","6","7","0.70395150626465","3.7591861186646"
"4013","","4001","","7","7","4.9281997170532","6.385203773275"
"4013","","4001","","43","7","4.5019934284937","8.2556132897491"
"4013","","4005","","2","7","3.521799753944","0.99205013848058"
"4013","","4005","","3","7","3.0069566649078","10.694623784319"
"4013","","4005","","4","7","4.6816949392578","5.7714631929047"
"4013","","4005","","5","7","1.1145365777985","3.5868896340086"
"4013","","4005","","6","7","0.32598560301339","1.979420761599"
"4013","","4005","","7","7","2.2578469139399","6.5058283204416"
"4013","","4005","","43","7","29.958742788168","86.689751995076"
"4013","","4015","","3","7","0.66850877438246","2.3631849157691"
"4013","","4015","","4","7","0.24906131583015","0.37199701133986"
"4013","","4015","","5","7","0.23995478348616","0.59921922882507"
"4013","","4015","","6","7","0.043881928490997","0.12053122726546"
"4013","","4015","","7","7","0.66495325468896","2.0213171180682"
"4013","","4015","","43","7","7.2819320650232","21.618685618699"
"4013","","4025","","2","7","8.9407525475511","2.5185062816208"
"4013","","4025","","3","7","5.6852506902515","21.121782985457"
"4013","","4025","","4","7","11.346324236111","13.600664796335"
"4013","","4025","","5","7","2.8294611969723","9.105995477776"
"4013","","4025","","6","7","0.82700882116637","5.023064551566"
"4013","","4025","","7","7","5.5024037713164","15.687947705323"
"4013","","4025","","43","7","68.238128327287","200.53097746053"
"4021","","4001","","3","7","0.0021640257162831","0.0072879274922064"
"4021","","4001","","4","7","8.61E-5","0.00014508223713055"
"4021","","4001","","5","7","0.00067895096770367","0.0022829222453964"
"4021","","4001","","6","7","0.027303509978452","0.14503715460988"
"4021","","4001","","7","7","0.18909834587642","0.2449758006837"
"4021","","4001","","43","7","0.17101981355616","0.31374736843336"
"4021","","4005","","2","7","0.13938365578167","0.039025209554736"
"4021","","4005","","3","7","0.10250773250948","0.41138990360167"
"4021","","4005","","4","7","0.0011820516050013","0.00099259158353705"
"4021","","4005","","5","7","0.025813398759807","0.07142528178443"
"4021","","4005","","6","7","0.016116617916501","0.096451723934469"
"4021","","4005","","7","7","0.081104545901035","0.21681887798369"
"4021","","4005","","43","7","0.81880890517329","2.3373977826883"
"4021","","4015","","6","7","8.35E-5","0.00028743155041177"
"4021","","4015","","7","7","0.00018364283341095","0.00010278984532217"
"4021","","4015","","43","7","0.022256508646284","0.05210601793367"
"4021","","4025","","2","7","0.35385168453186","0.099072850849761"
"4021","","4025","","3","7","0.33369916245619","1.3008110724158"
"4021","","4025","","4","7","0.013178493555395","0.022369444278712"
"4021","","4025","","5","7","0.1169356781313","0.3799279065041"
"4021","","4025","","6","7","0.039946923183272","0.24292678723509"
"4021","","4025","","7","7","0.23190896634383","0.62184069892608"
"4021","","4025","","43","7","2.9610346555316","8.6681662450736"
"4019","","4001","","5","7","0.0012323200599193","0.0036005177402859"
"4019","","4001","","7","7","8.04E-7","5.35E-5"
"4019","","4005","","5","7","0.058038015979117","0.16957194233898"
"4019","","4005","","7","7","3.79E-5","0.0025215052836114"
"4019","","4025","","5","7","0.14734044394176","0.43049034056027"
"4019","","4025","","7","7","9.62E-5","0.0064013164754371"
"4023","","4001","","3","7","2.44E-5","2.93E-5"
"4023","","4001","","5","7","0.0035617222086428","0.01040642314873"
"4023","","4015","","3","7","0.00097818785942693","0.0011738254313123"
"4023","","4025","","3","7","0.0029205261567547","0.0035046313881057"
"4023","","4025","","5","7","0.42585181276123","1.2442279051111"
"4003","","4001","","7","7","0.0010871783034177","0.00059348434738314"
"4003","","4005","","7","7","0.047485565176095","0.024027798493616"
"4003","","4025","","7","7","0.12054844778552","0.060995271320806"
"4005","","4001","","6","7","1.33E-5","9.37E-5"
"4005","","4001","","7","7","0.017405198544825","0.0094105314967828"
"4005","","4005","","3","7","0.021712646209631","0.17142505084221"
"4005","","4005","","4","7","0.0041609180027031","0.012565972368163"
"4005","","4005","","6","7","0.0007846855096815","0.0052159933784791"
"4005","","4005","","7","7","86.547546193454","49.371257045168"
"4005","","4015","","7","7","0.24214655456736","0.13960005826245"
"4005","","4025","","3","7","0.054309386210548","0.43422159213806"
"4005","","4025","","6","7","0.0019920720824216","0.013241782425142"
"4005","","4025","","7","7","14.921970900189","14.053778560485"
"4007","","4001","","7","7","0.0012657904300812","0.00072829208987574"
"4007","","4005","","3","7","0.003029803606552","0.024227642787236"
"4007","","4005","","7","7","1.9757104167934","1.7790455231038"
"4007","","4025","","3","7","0.0076917275843189","0.061506438214881"
"4007","","4025","","7","7","0.80869206251521","0.73534394607272"
"4009","","4001","","3","7","9.19E-7","1.11E-6"
"4012","","4025","","3","7","5.12E-5","6.18E-5"
"4015","","4001","","6","7","0.0020003987007576","0.0046426115045687"
"4015","","4005","","6","7","0.029523299488612","0.068995887278726"
"4015","","4005","","7","7","0.27157277420531","0.69969151888231"
"4015","","4015","","3","7","0.00035806845207265","0.0019494667860566"
"4015","","4015","","6","7","0.017697596870648","0.041658287116787"
"4015","","4015","","7","7","57.402968059698","31.139357171583"
"4015","","4025","","3","7","0.03177254485463","0.25400463964197"
"4015","","4025","","6","7","0.12952769181458","0.31179963736715"
"4015","","4025","","7","7","10.264378851805","12.880636741689"
"4017","","4001","","3","7","2.90E-5","0.00028183731922384"
"4017","","4001","","7","7","2.30E-5","0.00052512424464081"
"4017","","4005","","3","7","0.00043773097807807","0.003083513870872"
"4017","","4005","","7","7","0.00022097176818986","0.0044678711739001"
"4017","","4025","","3","7","2.85E-5","3.44E-5"
"4017","","4025","","7","7","0.00056097848753832","0.01134253318504"
"4025","","4001","","7","7","0.007708596311938","0.0042277861726524"
"4025","","4005","","2","7","0.99600272277887","0.30957180087167"
"4025","","4005","","3","7","0.055765681604097","0.17883584275642"
"4025","","4005","","6","7","0.0029594984120493","0.01938591256707"
"4025","","4005","","7","7","3.8669521079005","3.496722122782"
"4025","","4015","","6","7","0.0018673976075315","0.013173473221448"
"4025","","4015","","7","7","0.19296208563347","0.11510129705691"
"4025","","4025","","2","7","4.3541717360844","1.3858991979652"
"4025","","4025","","3","7","0.16033099033454","0.47570611089162"
"4025","","4025","","6","7","0.007513244595287","0.049214793367093"
"4025","","4025","","7","7","14.404869590261","14.105515487971"
"4027","","4001","","6","7","0.0053428482260376","0.01239991239345"
"4027","","4015","","7","7","0.081334975508651","0.041153984063305"
"4027","","4025","","6","7","0.49149830503377","1.1439093086408"
"4027","","4025","","7","7","2.9676002113058","12.14291635358"
"5003","","4005","","7","7","5.24E-5","0.0015909560732942"
"5003","","4025","","7","7","0.00013315193054207","0.0040389418931094"
"5007","","4005","","5","7","0.00039868786017931","0.00019825752362202"
"5007","","4025","","5","7","0.0010121442871883","0.00050331409598448"
"5009","","4025","","7","7","5.87E-5","0.0017816641755129"
"5021","","4005","","7","7","0.00034135633031661","0.010354475352937"
"5023","","4025","","7","7","8.23E-5","0.0024955657382468"
"5031","","4005","","7","7","0.00072978050081899","0.022136675191509"
"5033","","4005","","5","7","0.00029047265589997","0.0001444448030415"
"5033","","4025","","5","7","0.00073741959216254","0.00036670036089574"
"5037","","4005","","7","7","0.00011261337513511","0.0034159390457651"
"5037","","4025","","7","7","0.00028589028081453","0.0086720051847074"
"5041","","4005","","7","7","6.23E-5","0.0018912461891103"
"5041","","4025","","7","7","0.00015828411949108","0.0048012849578962"
"5045","","4001","","5","7","1.49E-7","7.42E-8"
"5045","","4025","","7","7","6.99E-5","0.0021206936784553"
"5051","","4015","","7","7","4.31E-5","0.0013088740762146"
"5051","","4025","","7","7","0.00012882986755978","0.0039078393159801"
"5063","","4001","","5","7","0.00032139551093965","0.00015982196717369"
"5069","","4005","","7","7","9.98E-5","0.0030279677473524"
"5069","","4025","","7","7","0.00025341978823103","0.0076870669096746"
"5085","","4025","","7","7","0.00030477598295608","0.0092448714830011"
"5091","","4005","","5","7","6.98E-5","3.47E-5"
"5095","","4005","","7","7","0.00013634456140185","0.0041357850291896"
"5095","","4025","","7","7","0.00034613637056825","0.010499469907237"
"5107","","4005","","7","7","9.48E-5","0.0028747684788069"
"5107","","4025","","7","7","0.00024059807762137","0.0072981416878481"
"5115","","4025","","7","7","7.90E-5","0.0023977946735793"
"5119","","4001","","5","7","2.32E-5","1.16E-5"
"5119","","4025","","7","7","0.0010632606903174","0.032252240939627"
"5123","","4005","","7","7","0.000133455945277","0.0040481636734023"
"5123","","4025","","7","7","0.00033880307402058","0.010277026578624"
"5125","","4001","","5","7","1.59E-7","7.89E-8"
"5125","","4025","","7","7","5.60E-5","0.001699737135917"
"5131","","4005","","5","7","0.00037868657538939","0.00018831138382753"
"5131","","4025","","5","7","0.00096136725543364","0.00047806394523236"
"5143","","4005","","5","7","0.00046359400619503","0.00023053373030445"
"5143","","4025","","5","7","0.0011769207738957","0.00058525333083113"
"5145","","4001","","5","7","0.00017198985769966","8.55E-5"
"5145","","4025","","7","7","0.00013608468015701","0.0041279019647628"
"6037","","4001","","5","7","5.52E-5","0.0002208908568695"
"6037","","4001","","43","7","0.053185101361387","0.16989010367616"
"6037","","4005","","6","7","0.00077174018316622","0.0038587408031674"
"6037","","4005","","7","7","0.0025708485649912","0.0083624925453506"
"6037","","4015","","3","7","0.083806456537808","12.10338763392"
"6037","","4015","","6","7","0.002829624552969","0.011426805409685"
"6037","","4015","","7","7","0.00099857447850443","0.0032409052409864"
"6037","","4015","","43","7","0.39610846834609","0.86469104131072"
"6037","","4025","","3","7","0.04184576635323","35.827411003646"
"6037","","4025","","6","7","0.0019592079308211","0.0097961409156276"
"6037","","4025","","7","7","0.055144422041694","0.52982180976168"
"6059","","4001","","5","7","1.42E-5","5.68E-5"
"6059","","4001","","43","7","0.0093075869524014","0.029731388525027"
"6059","","4005","","6","7","0.00029313773468306","0.0014657038242182"
"6059","","4005","","7","7","0.0024332068467757","0.017210280637389"
"6059","","4015","","3","7","0.011009847663076","0.016330188249769"
"6059","","4015","","6","7","0.00035367613916461","0.0016702955754385"
"6059","","4015","","7","7","0.00015374128003741","0.00049897221584857"
"6059","","4015","","43","7","0.14612736940327","0.3425996218786"
"6059","","4025","","3","7","0.01351732103258","11.573228512879"
"6059","","4025","","7","7","0.016538122831867","0.26786799887447"
"6065","","4001","","5","7","2.89E-6","1.16E-5"
"6065","","4001","","6","7","3.08E-6","1.54E-5"
"6065","","4001","","7","7","8.70E-6","2.78E-5"
"6065","","4001","","43","7","0.010435809282359","0.033335288935104"
"6065","","4005","","3","7","0.0017965183668694","1.538138920963"
"6065","","4005","","7","7","0.0034116256816942","0.028725778682046"
"6065","","4015","","3","7","0.0056415611445884","0.0083677593308294"
"6065","","4015","","6","7","8.82E-5","0.00035634271209234"
"6065","","4015","","7","7","1.1602753388151","3.5622394413422"
"6065","","4015","","43","7","0.14943759877511","0.36201190764413"
"6065","","4025","","3","7","0.021404525100522","3.929838792694"
"6065","","4025","","6","7","0.0002634575788752","0.0010639144632651"
"6065","","4025","","7","7","3.4649750415601","10.647930505026"
"6065","","4025","","43","7","0.44616830174218","1.0808406944968"
"6071","","4001","","5","7","9.26E-6","3.70E-5"
"6071","","4001","","6","7","7.57E-6","3.78E-5"
"6071","","4001","","7","7","3.97E-5","0.00024267772485196"
"6071","","4001","","43","7","0.0091275806642919","0.029156391276428"
"6071","","4005","","3","7","0.0018730164384967","1.6036348621783"
"6071","","4005","","6","7","1.89E-5","9.47E-5"
"6071","","4005","","7","7","0.0016873965580819","0.016267349329536"
"6071","","4015","","3","7","0.003026988945183","0.0044897350824016"
"6071","","4015","","6","7","0.00017729028735523","0.00071263853328233"
"6071","","4015","","7","7","1.3982882914538","4.0278429119297"
"6071","","4015","","43","7","0.12852750932036","0.31600020358843"
"6071","","4025","","3","7","0.013792533526318","4.0845341642845"
"6071","","4025","","6","7","0.0005293266692789","0.0021276889267279"
"6071","","4025","","7","7","4.1789518512644","12.066614221425"
"6071","","4025","","43","7","0.38373810226245","0.94346587030889"
"6111","","4005","","5","7","5.30E-5","0.00021208856061382"
"6111","","4005","","7","7","3.82E-5","0.0001221616919272"
"6111","","4005","","43","7","0.024289777010503","0.077589261446461"
"6111","","4015","","3","7","0.002048425657455","1.7538163196858"
"6111","","4015","","7","7","5.98E-5","0.001267930636818"
"6111","","4025","","6","7","0.00010387925355195","0.00051940163675157"
"6111","","4025","","7","7","0.0026122349118885","0.021378896858242"
"6111","","4025","","43","7","0.061664177653172","0.19697496604206"
"6017","","4001","","3","7","1.14E-8","8.10E-8"
"6017","","4005","","3","7","0.00013618117181989","0.0010076346480635"
"6017","","4025","","3","7","0.00034572157531491","0.0025580704969343"
"6057","","4001","","3","7","9.78E-9","6.95E-8"
"6057","","4005","","3","7","6.51E-5","0.0004817211881126"
"6057","","4025","","3","7","0.00016527955676883","0.0012229400422337"
"6061","","4001","","3","7","9.96E-9","7.07E-8"
"6061","","4005","","3","7","6.31E-5","0.00046704928516639"
"6061","","4025","","3","7","0.00016024559588908","0.0011856926508973"
"6067","","4001","","3","7","9.53E-7","6.77E-6"
"6067","","4005","","3","7","0.00094464919595424","0.0069896685965351"
"6067","","4025","","3","7","0.0023981700537662","0.017744591310458"
"6101","","4025","","3","7","0.001668767529606","0.01234758050561"
"6113","","4001","","3","7","1.88E-7","1.34E-6"
"6113","","4005","","3","7","0.00067892462805642","0.0050235136730801"
"6113","","4025","","3","7","0.0017235781481025","0.012753136409857"
"6115","","4001","","3","7","7.40E-9","5.26E-8"
"6073","","4015","","6","7","1.10E-6","3.93E-5"
"6073","","4025","","6","7","3.30E-6","0.00011746433511553"
"6001","","4005","","3","7","0.065274470709811","0.19060957992543"
"6001","","4005","","7","7","6.64E-5","0.00041423564031677"
"6001","","4015","","6","7","0.0029878635335177","0.011453476878484"
"6001","","4025","","3","7","0.16571154837387","0.48389834924528"
"6001","","4025","","6","7","0.0089207134584191","0.034196068257273"
"6001","","4025","","7","7","0.00016846209136448","0.0010516152578809"
"6013","","4005","","3","7","0.0046432929753363","0.013558993491257"
"6013","","4005","","7","7","1.50E-5","9.38E-5"
"6013","","4015","","6","7","0.00021254137499059","0.00081474193746394"
"6013","","4025","","3","7","0.011787874495639","0.034422060897535"
"6013","","4025","","6","7","0.00063457406373485","0.0024325339109836"
"6013","","4025","","7","7","3.81E-5","0.00023810500511704"
"6041","","4005","","7","7","5.79E-7","2.00E-6"
"6041","","4015","","6","7","0.00097650424542788","0.0037432662741402"
"6041","","4025","","7","7","1.47E-6","5.09E-6"
"6055","","4025","","7","7","3.56E-6","1.23E-5"
"6075","","4025","","7","7","3.11E-5","0.00019128144553878"
"6077","","4005","","3","7","0.079889097270235","0.23328610872999"
"6077","","4005","","7","7","5.43E-5","0.00040007047857322"
"6077","","4025","","3","7","0.20281353280819","0.59224076229778"
"6077","","4025","","6","7","0.0057976360883629","0.022224271672058"
"6077","","4025","","7","7","0.0001844219292858","0.001176830412025"
"6081","","4005","","7","7","5.51E-6","1.91E-5"
"6081","","4025","","7","7","5.66E-5","0.00036240227019682"
"6085","","4005","","7","7","1.92E-5","0.0001198766468901"
"6085","","4025","","7","7","4.88E-5","0.00030432946531791"
"6087","","4005","","7","7","1.13E-5","7.40E-5"
"6087","","4025","","7","7","2.88E-5","0.00018796156402092"
"6095","","4005","","7","7","1.30E-5","8.52E-5"
"6095","","4025","","7","7","3.31E-5","0.00021636928379622"
"6097","","4025","","3","7","0.086430525031951","0.25238789207982"
"6097","","4025","","7","7","0.00011315122434489","0.00077894162085688"
"6019","","4005","","2","7","1.9484248705157","0.63243925873175"
"6019","","4005","","7","7","0.0011354989649547","0.00085395661941447"
"6019","","4025","","2","7","4.9464438190348","1.6055662754093"
"6019","","4025","","7","7","0.0028826781682551","0.0021679298523369"
"6039","","4005","","2","7","0.034981907269845","0.011354777819536"
"6039","","4005","","7","7","6.52E-5","4.91E-5"
"6039","","4025","","2","7","0.088808165822262","0.028826243912137"
"6039","","4025","","7","7","0.00016563437407588","0.00012456600535106"
"6005","","4005","","7","7","0.0006924365458049","0.0010315278139984"
"6005","","4025","","7","7","0.001757880698353","0.0026187278026092"
"6007","","4015","","3","7","0.00015751076185121","0.0055783094684983"
"6007","","4015","","7","7","0.01195299892265","0.012726486297182"
"6007","","4025","","3","7","0.00016946123588652","0.00043135587316569"
"6007","","4025","","7","7","0.049646195504394","0.079941295917424"
"6009","","4005","","3","7","1.13E-5","0.00027858109720333"
"6009","","4025","","3","7","2.88E-5","0.00070723062880872"
"6011","","4015","","3","7","0.00054623946621961","0.0013904277321954"
"6011","","4015","","7","7","0.00065533002655925","0.001263771341679"
"6021","","4015","","3","7","0.00037725278528119","0.0009602798170794"
"6025","","4005","","7","7","0.00042938665449501","0.00040111773836996"
"6025","","4025","","7","7","0.001090078963394","0.0010183129910163"
"6027","","4001","","3","7","2.11E-6","2.44E-5"
"6027","","4001","","7","7","9.84E-7","1.90E-6"
"6027","","4005","","7","7","1.67E-5","1.56E-5"
"6027","","4025","","7","7","4.23E-5","3.96E-5"
"6029","","4001","","3","7","8.23E-5","0.001152395473452"
"6029","","4001","","7","7","0.0048153248502639","0.0071923928616984"
"6029","","4005","","3","7","0.00086426107516998","0.04661189890656"
"6029","","4005","","6","7","0.0076788121555107","0.012475319461818"
"6029","","4005","","7","7","0.002037679133452","0.0039375254011303"
"6029","","4015","","7","7","0.0013529424437198","0.0012638707036851"
"6029","","4025","","6","7","0.019494112141005","0.031670950097277"
"6029","","4025","","7","7","0.0040433978946395","0.0038013761511582"
"6031","","4005","","3","7","0.00010659866082647","0.00574914935402"
"6031","","4005","","7","7","0.00076244246939994","0.0014705186149568"
"6031","","4025","","3","7","0.0010692749182633","0.016628237139861"
"6031","","4025","","7","7","0.0019356039317723","0.0037331887022175"
"6033","","4015","","7","7","0.0064567641838287","0.0071787692106071"
"6033","","4025","","7","7","0.0011666460403896","0.0033164596637782"
"6047","","4005","","3","7","0.00016677892046443","0.0029522650646997"
"6047","","4005","","7","7","0.040227464126938","0.06028678804856"
"6047","","4025","","3","7","0.00042339972803687","0.0074948813795276"
"6047","","4025","","7","7","0.10212500071069","0.15304937574182"
"6049","","4015","","7","7","0.00085008276971378","0.0012663745529798"
"6049","","4025","","7","7","0.0025380492514087","0.0037809506329313"
"6053","","4005","","7","7","0.089627590203365","0.13351888018699"
"6053","","4015","","7","7","1.61E-6","1.12E-5"
"6053","","4025","","3","7","0.0020314268766405","0.040315184720937"
"6053","","4025","","7","7","0.228315450789","0.34046495061278"
"6079","","4005","","3","7","0.0006475862737397","0.011463357161785"
"6079","","4005","","7","7","0.011600469557198","0.017319451896703"
"6079","","4025","","3","7","0.0016440198282748","0.02910189304004"
"6079","","4025","","7","7","0.02945153827069","0.043979610400887"
"6083","","4005","","3","7","0.00072365470347685","0.012212937728242"
"6083","","4005","","7","7","0.097114509502485","0.097220760035861"
"6083","","4025","","3","7","0.0018371338763404","0.031004844606674"
"6083","","4025","","7","7","0.00021082172000372","0.00043626844719784"
"6089","","4015","","7","7","0.010510899964781","0.029879650344987"
"6099","","4005","","3","7","0.000374279599134","0.00095271170688656"
"6099","","4005","","7","7","0.051900141242308","0.077316022047411"
"6099","","4025","","3","7","0.0013712095782394","0.025125920360465"
"6099","","4025","","7","7","0.13604018281891","0.20454676063347"
"6103","","4015","","7","7","0.0063489152857935","0.009458025786901"
"6107","","4001","","3","7","8.89E-5","0.0017519725037495"
"6107","","4001","","7","7","0.0051745303213803","0.0086222866177124"
"6107","","4005","","3","7","0.0041865213205565","0.082511850187887"
"6107","","4005","","7","7","0.0041245922292398","0.0079555267373249"
"6107","","4015","","7","7","0.011531380735068","0.010772205685277"
"6107","","4025","","7","7","7.29E-7","5.10E-6"
"6109","","4001","","7","7","3.41E-5","5.08E-5"
"6109","","4005","","3","7","2.89E-6","5.12E-5"
"6109","","4005","","7","7","0.0016067888114583","0.0023936451076741"
"6109","","4025","","3","7","7.34E-6","0.00012986743125479"
"6109","","4025","","7","7","0.0040791362834682","0.0060767193167082"
"8001","","4001","","4","7","0.00074068206473052","0.00078094373107856"
"8001","","4005","","7","7","3.42E-6","4.46E-5"
"8005","","4001","","4","7","2.46E-5","2.60E-5"
"8005","","4001","","7","7","1.04E-8","1.35E-7"
"8005","","4005","","4","7","0.0011606226503337","0.0012237112603174"
"8005","","4005","","7","7","4.90E-7","6.38E-6"
"8013","","4001","","4","7","0.00012656645132468","0.00013344629421104"
"8013","","4005","","4","7","0.00596084244939","0.0062848592729078"
"8013","","4005","","7","7","2.40E-6","3.13E-5"
"8031","","4001","","4","7","0.00052016559817873","0.00054844052848533"
"8031","","4001","","7","7","1.73E-7","2.25E-6"
"8031","","4005","","3","7","0.00010929309493102","0.026297600072632"
"8031","","4005","","4","7","0.024498002005145","0.02582965350569"
"8031","","4005","","7","7","8.14E-6","0.00010600747513321"
"8031","","4025","","3","7","0.00027746112363143","0.066761414978394"
"8035","","4005","","4","7","6.78E-5","7.14E-5"
"8035","","4005","","7","7","2.82E-8","3.67E-7"
"8035","","4025","","4","7","0.00017201162997379","0.00018136176167504"
"8035","","4025","","7","7","7.16E-8","9.32E-7"
"8059","","4001","","4","7","1.78E-6","1.88E-6"
"8059","","4005","","4","7","8.38E-5","8.84E-5"
"8059","","4025","","4","7","0.00021282588416268","0.00022439457894605"
"8059","","4025","","7","7","1.40E-7","1.82E-6"
"8123","","4001","","3","7","5.97E-5","0.014362261353155"
"8123","","4001","","4","7","0.00027788359069148","0.00029298866336"
"8123","","4001","","7","7","9.23E-8","1.20E-6"
"8123","","4005","","3","7","0.0028111788258308","0.6764128743999"
"8123","","4005","","4","7","0.013087356768292","0.013798753488522"
"8123","","4005","","7","7","4.35E-6","5.66E-5"
"8029","","4001","","6","7","4.51E-5","3.20E-5"
"8041","","4015","","4","7","0.00016371701484113","0.0013349233517815"
"8041","","4025","","4","7","0.00048880163410476","0.0039856133242388"
"8051","","4001","","6","7","6.22E-5","4.50E-5"
"8063","","4005","","4","7","0.00021909870072574","0.0017864970982253"
"8063","","4025","","4","7","0.0020250260822127","0.013157091169457"
"8067","","4001","","6","7","0.011651955987201","0.0083801768502894"
"8069","","4015","","4","7","0.0018271516148345","0.012071280165249"
"8069","","4025","","4","7","0.005455234423587","0.03604061237151"
"8075","","4001","","4","7","5.47E-6","3.99E-5"
"8075","","4005","","4","7","0.00025758980127379","0.0018793368720511"
"8075","","4025","","4","7","0.00024566187216336","0.0014420116908876"
"8077","","4001","","6","7","0.0026665812868294","0.0019187520467775"
"8083","","4001","","6","7","0.0019049876977509","0.0013669170629455"
"8083","","4005","","6","7","7.58E-6","5.38E-6"
"8085","","4001","","6","7","0.0056156039600154","0.0040527596874417"
"8087","","4005","","4","7","0.00014959651366687","0.0012197869575914"
"8087","","4015","","4","7","0.0002450891847262","0.0014386500704117"
"8087","","4025","","4","7","0.0011115293671405","0.0073919640827303"
"8089","","4015","","4","7","4.50E-5","0.00029641271338864"
"8089","","4025","","4","7","0.00013441577674804","0.00088498448871911"
"8125","","4001","","4","7","9.36E-6","7.63E-5"
"8125","","4005","","4","7","0.00069706448847673","0.0050974796225317"
"8125","","4025","","4","7","0.00065097607943142","0.003819584183047"
"10005","","4005","","7","7","0.0012394271263985","0.012005431381194"
"10005","","4025","","7","7","0.0031465193969196","0.030478050628986"
"16001","","4001","","3","7","5.08E-7","0.001911195579574"
"16001","","4001","","7","7","5.71E-5","0.0039235090201337"
"16001","","4005","","7","7","0.0079684510275801","0.49404396370996"
"16001","","4025","","7","7","0.006831674182874","0.46910829389068"
"16015","","4001","","3","7","1.56E-8","5.87E-5"
"16027","","4001","","3","7","1.74E-6","0.0065285011526036"
"16049","","4001","","3","7","1.30E-8","4.88E-5"
"16049","","4005","","3","7","6.11E-7","0.0022968554625087"
"16049","","4025","","3","7","1.55E-6","0.0058310005572531"
"16059","","4001","","3","7","2.94E-9","1.10E-5"
"16059","","4005","","3","7","1.38E-7","0.00052019349393289"
"16059","","4025","","3","7","3.51E-7","0.0013206092427292"
"16061","","4001","","3","7","3.97E-8","0.00014918976156496"
"16061","","4005","","3","7","1.87E-6","0.0070263221765576"
"16061","","4015","","3","7","1.59E-6","0.0059744598104211"
"16061","","4025","","3","7","4.74E-6","0.017837643332679"
"16087","","4001","","3","7","7.57E-8","0.00028492057262245"
"16087","","4025","","3","7","9.06E-6","0.034066088042974"
"17031","","4015","","6","7","0.0018644606742395","0.0039976892488981"
"17031","","4025","","6","7","0.0055666262005613","0.011935699166031"
"17043","","4015","","6","7","0.0015185931872704","0.0032560963833025"
"17091","","4015","","6","7","0.00026315945671729","0.0005642541810616"
"17097","","4025","","6","7","0.0003187671852271","0.00068348566794185"
"17197","","4015","","6","7","0.0005084756143076","0.001090249595891"
"19001","","4005","","7","7","0.018067669788941","0.0074428200524898"
"19001","","4025","","4","7","0.0029423093832776","0.0013387468133452"
"19007","","4001","","7","7","0.0014103505941071","0.00058098170962181"
"19007","","4005","","4","7","0.0024950444205789","0.0011352418566819"
"19011","","4001","","4","7","0.0022115246934143","0.0010063599355851"
"19011","","4001","","7","7","0.175968428174","0.07248866960255"
"19011","","4015","","3","7","1.22E-5","2.33E-6"
"19011","","4015","","4","7","0.00015890298773747","5.96E-5"
"19011","","4025","","3","7","3.64E-5","6.96E-6"
"19011","","4025","","4","7","0.0002853922082978","0.00014318467190458"
"19013","","4001","","4","7","0.0040429668896192","0.001839544498855"
"19013","","4001","","7","7","0.317989186121","0.13099289053782"
"19013","","4025","","4","7","0.0045484304651031","0.0022820017677113"
"19013","","4025","","5","7","0.006458515641336","0.024116196512406"
"19017","","4001","","7","7","0.13329777911621","0.054910865371565"
"19019","","4001","","4","7","0.0043573668018698","0.0019962882207759"
"19019","","4001","","7","7","0.34255934658919","0.14111435529569"
"19019","","4015","","3","7","5.99E-5","1.14E-5"
"19019","","4015","","4","7","7.73E-5","1.42E-5"
"19019","","4025","","3","7","0.00017884082214012","3.42E-5"
"19019","","4025","","4","7","0.00049264582100774","0.00017378521903234"
"19021","","4005","","7","7","0.32667792888242","0.13457214284933"
"19021","","4025","","4","7","0.05590705655872","0.025437635565068"
"19023","","4001","","4","7","0.005119821741921","0.0023295120087803"
"19023","","4001","","7","7","0.40738144009802","0.16781725517418"
"19025","","4005","","7","7","0.34106288639511","0.14049790148231"
"19025","","4025","","4","7","0.061871574258052","0.028151483098744"
"19027","","4005","","7","7","0.55784030587091","0.22979748153048"
"19027","","4025","","4","7","0.095467758222148","0.043437701631069"
"19031","","4001","","4","7","0.066337826571315","0.030183621896234"
"19031","","4025","","4","7","0.00010327918806894","5.18E-5"
"19033","","4001","","4","7","0.0082170834122025","0.0030756972750222"
"19033","","4001","","7","7","0.46503631680324","0.19156768217879"
"19033","","4015","","4","7","0.00043565273629541","0.00021857216944655"
"19033","","4015","","5","7","0.00014104355781406","0.00052665880922897"
"19033","","4025","","4","7","0.0013007064025083","0.00065257990257746"
"19033","","4025","","5","7","0.00042110663700021","0.0015724186445532"
"19035","","4005","","7","7","0.02797858107282","0.011525534099392"
"19035","","4015","","4","7","0.0041620046451197","0.0018937065175569"
"19035","","4025","","4","7","0.012426287357244","0.0056539440399332"
"19035","","4025","","7","7","0.071028902118453","0.029259740916736"
"19041","","4005","","7","7","0.10319368544393","0.042509744769772"
"19041","","4025","","4","7","0.016005041534315","0.0072822723787302"
"19043","","4001","","4","7","0.027795298262044","0.012646823337401"
"19043","","4025","","4","7","0.00028465003230056","0.0001428123133623"
"19045","","4001","","4","7","0.033277537875144","0.015305825438623"
"19045","","4005","","4","7","0.00099033248276217","0.0004968616083337"
"19045","","4005","","5","7","4.32E-5","0.00016136504696236"
"19045","","4025","","3","7","0.003062350436309","0.00058492926807799"
"19045","","4025","","4","7","0.0062493808662072","0.0019484394475989"
"19045","","4025","","5","7","0.00010970913393163","0.00040965558961684"
"19047","","4005","","7","7","0.062025028799568","0.025550673302001"
"19047","","4015","","4","7","0.0083603946924441","0.0038039683441955"
"19047","","4025","","4","7","0.024961208774745","0.01135731643122"
"19047","","4025","","7","7","0.15746222755301","0.064865200572714"
"19049","","4001","","4","7","1.38E-5","2.42E-6"
"19049","","4025","","4","7","0.007683466698841","0.0034974851959821"
"19053","","4025","","4","7","0.0059386973798405","0.0027020993230244"
"19055","","4001","","4","7","0.040170258683199","0.018277413690425"
"19057","","4001","","4","7","0.027328414220561","0.012463572848679"
"19057","","4015","","4","7","0.00066229890419118","0.00012182386969157"
"19057","","4025","","3","7","0.00050476507547892","9.64E-5"
"19059","","4001","","7","7","0.0027879212621232","0.0011484600126572"
"19059","","4005","","7","7","0.13130145651465","0.054088497569649"
"19059","","4025","","4","7","0.020607034110687","0.0093761728134266"
"19061","","4001","","4","7","0.023714446346008","0.010800190141022"
"19061","","4005","","4","7","0.0004348827722515","0.0002181858693101"
"19061","","4005","","5","7","0.0015714307019886","0.0058677463552517"
"19061","","4025","","3","7","0.00017885413728811","3.42E-5"
"19061","","4025","","4","7","0.0013343531110342","0.00059627145455"
"19063","","4001","","7","7","0.0064370029483869","0.0026516676019568"
"19063","","4005","","4","7","0.0037053349040865","0.0016859223993965"
"19063","","4025","","4","7","0.0094066911232362","0.0042800318134208"
"19065","","4001","","4","7","0.16355785489996","0.074418604069767"
"19065","","4001","","7","7","0.78961565983533","0.32527533076675"
"19065","","4025","","4","7","0.00014221959125788","7.14E-5"
"19067","","4001","","4","7","0.004239246026149","0.0019352556029675"
"19067","","4001","","7","7","0.33723966881921","0.13892296012178"
"19067","","4015","","3","7","0.00065585161288388","0.00012527201307317"
"19067","","4015","","4","7","4.59E-6","2.30E-6"
"19067","","4025","","3","7","0.001958143082556","0.00037401833130893"
"19067","","4025","","4","7","1.37E-5","6.87E-6"
"19069","","4001","","7","7","0.02805693177792","0.011557809993619"
"19069","","4005","","4","7","0.060163063589049","0.027374113041505"
"19071","","4015","","4","7","0.0025049359003491","0.0011397424666779"
"19071","","4025","","4","7","0.0074788607806373","0.0034028715995791"
"19071","","4025","","7","7","0.057383898920009","0.023638800053414"
"19075","","4001","","4","7","0.0059919166700072","0.0027263140284949"
"19075","","4001","","7","7","0.4767735606863","0.19640273811872"
"19079","","4001","","7","7","0.014403184120962","0.0059332669263643"
"19079","","4005","","4","7","0.036795473231749","0.016741890847542"
"19081","","4001","","7","7","0.023530290327826","0.0096930992617565"
"19081","","4005","","4","7","0.050456491980916","0.022957636010657"
"19081","","4015","","4","7","9.65E-5","4.84E-5"
"19081","","4025","","4","7","0.00028824538285966","0.00014461614358337"
"19083","","4005","","4","7","3.49E-6","2.53E-5"
"19085","","4025","","4","7","0.023333970141199","0.010616925040841"
"19085","","4025","","7","7","0.14269638812732","0.058782540935186"
"19087","","4001","","4","7","0.00028972185471514","0.00013192367031908"
"19087","","4001","","7","7","0.023051835134657","0.0094960037897045"
"19087","","4015","","3","7","1.03E-5","1.97E-6"
"19087","","4015","","4","7","1.33E-5","2.45E-6"
"19087","","4025","","3","7","3.08E-5","5.88E-6"
"19087","","4025","","4","7","3.97E-5","7.31E-6"
"19089","","4001","","7","7","0.35914731635286","0.14794762574115"
"19091","","4001","","7","7","0.0082280253701005","0.0033894637732676"
"19091","","4005","","4","7","0.0046817169065623","0.0021301748977406"
"19091","","4025","","4","7","0.011885420888108","0.0054078505236917"
"19095","","4001","","4","7","0.0018546930961505","0.00084388286504355"
"19095","","4001","","7","7","0.14587612618433","0.060092406482257"
"19095","","4015","","4","7","6.27E-6","3.14E-6"
"19095","","4025","","4","7","1.87E-5","9.39E-6"
"19097","","4001","","4","7","0.022217447427427","0.010108908707282"
"19097","","4005","","4","7","1.23E-5","6.18E-6"
"19097","","4025","","4","7","3.13E-5","1.57E-5"
"19099","","4001","","7","7","0.025366303748396","0.010449429085297"
"19099","","4005","","4","7","0.052890205090158","0.024064972203143"
"19101","","4015","","4","7","1.41E-6","7.05E-7"
"19101","","4025","","4","7","4.20E-6","2.10E-6"
"19103","","4001","","4","7","0.0010522941173158","0.00062646297505972"
"19103","","4001","","7","7","0.082004848293461","0.033781186860828"
"19103","","4015","","3","7","0.0012379840954366","0.00023646318274034"
"19103","","4015","","4","7","0.0015985202161504","0.00029403327905165"
"19103","","4025","","3","7","0.0036961866757241","0.00070599619863124"
"19103","","4025","","4","7","0.0053640284800027","0.0011745964179823"
"19103","","4025","","5","7","0.0017681541963636","0.0066023149020227"
"19105","","4001","","4","7","0.010417110406956","0.0047397712289663"
"19107","","4001","","4","7","0.001166925554482","0.00053094955831383"
"19107","","4001","","7","7","0.092851633676938","0.038249426135745"
"19107","","4015","","4","7","4.74E-6","2.38E-6"
"19107","","4025","","4","7","1.41E-5","7.09E-6"
"19109","","4001","","7","7","0.017553828915536","0.0072311477560042"
"19109","","4005","","4","7","0.036178927762018","0.016461363487783"
"19111","","4001","","4","7","9.39E-6","6.82E-5"
"19111","","4015","","3","7","0.0005358229652435","0.00010234574435479"
"19111","","4015","","4","7","0.00069186982722691","0.00012726317247732"
"19111","","4025","","3","7","0.0015997796029694","0.00030556852708825"
"19111","","4025","","4","7","0.0048878798075122","0.0017958940852104"
"19111","","4025","","5","7","1.63E-5","6.09E-5"
"19113","","4001","","4","7","0.0034810620824152","0.0016760339604219"
"19113","","4001","","7","7","0.27272952229055","0.11234856409942"
"19113","","4015","","3","7","0.00040315851626324","7.70E-5"
"19113","","4015","","4","7","0.00052056972374327","9.58E-5"
"19113","","4025","","3","7","0.001203690048612","0.00022991279207613"
"19113","","4025","","4","7","0.012269830757688","0.0056620283066713"
"19113","","4025","","5","7","0.0020473651857578","0.0076448930209884"
"19119","","4025","","4","7","0.040606971371178","0.018476117376278"
"19119","","4025","","7","7","0.17635162724","0.072646525138204"
"19121","","4025","","4","7","0.010792444577051","0.0049105477717086"
"19123","","4015","","4","7","8.25E-5","4.14E-5"
"19123","","4025","","4","7","0.00024645016549482","0.00012364698496037"
"19125","","4001","","7","7","0.016413093641255","0.0067612317417544"
"19125","","4005","","4","7","0.0095370923682269","0.0043393642045622"
"19125","","4015","","4","7","0.00044327858593031","0.00022239814908517"
"19125","","4025","","4","7","0.024211706753617","0.011016294019341"
"19127","","4001","","7","7","0.19779753505234","0.081480981079347"
"19127","","4025","","5","7","0.00057152161588687","0.0021340704838742"
"19131","","4001","","4","7","0.002052423707758","0.00093385002746865"
"19131","","4001","","7","7","0.1633102416265","0.067274239309967"
"19131","","4015","","4","7","9.53E-5","4.78E-5"
"19131","","4025","","4","7","0.00028442089494594","0.00014269735242087"
"19133","","4015","","4","7","0.0044043930723933","0.002003992926066"
"19133","","4025","","4","7","0.013149974259637","0.0059832206074978"
"19133","","4025","","7","7","0.097789392597636","0.040283493148185"
"19137","","4015","","4","7","0.0046757901940524","0.0021274782515172"
"19137","","4025","","4","7","0.013960270957797","0.0063519045156858"
"19137","","4025","","7","7","0.10744105837248","0.04425941325344"
"19141","","4005","","7","7","0.48117939944575","0.19821768522867"
"19141","","4025","","4","7","0.082348152480749","0.037468298658538"
"19145","","4015","","4","7","0.0015752253111191","0.00071672539860924"
"19145","","4025","","4","7","0.0047030707645469","0.0021398908744125"
"19145","","4025","","7","7","0.036195780301913","0.014910538137657"
"19147","","4001","","4","7","4.80E-5","8.41E-6"
"19147","","4001","","7","7","0.035970040506618","0.014817546584529"
"19147","","4005","","4","7","0.021032911779953","0.0095710881237084"
"19147","","4025","","4","7","0.053396011334386","0.024298011387232"
"19149","","4015","","4","7","0.012141991568448","0.0055245898382773"
"19149","","4025","","4","7","0.036251731841696","0.016494489246148"
"19149","","4025","","7","7","0.28804032041046","0.11865571475015"
"19151","","4001","","7","7","0.0029474662000095","0.0012141831677095"
"19151","","4005","","7","7","0.13881547170892","0.057183831036326"
"19151","","4025","","4","7","0.021940640504256","0.0099829619294162"
"19153","","4001","","4","7","0.016766194316624","0.0029383163095094"
"19153","","4001","","7","7","0.030614780098166","0.012611493450952"
"19153","","4005","","4","7","0.016411745020532","0.0074920882994909"
"19153","","4015","","5","7","0.0039274900014827","0.014665307933925"
"19153","","4025","","4","7","0.041664308408721","0.019020078434367"
"19155","","4015","","4","7","0.0059788376498253","0.0027203630918974"
"19155","","4025","","4","7","0.017850714026991","0.0081220508813215"
"19155","","4025","","7","7","0.13738269218144","0.056593609921899"
"19157","","4001","","4","7","0.0012060118133687","0.0005487337535543"
"19157","","4001","","7","7","0.095961706104442","0.039530593530242"
"19157","","4015","","4","7","3.67E-5","1.84E-5"
"19157","","4025","","4","7","0.00010950491980154","5.49E-5"
"19161","","4005","","7","7","0.010986442199925","0.0045257696906311"
"19161","","4025","","4","7","0.0067262747666332","0.0030604459750875"
"19161","","4025","","7","7","0.027891154509139","0.011489519483845"
"19163","","4001","","4","7","0.063106357388839","0.028747144780796"
"19163","","4005","","4","7","0.0013555111963166","0.00068007612073648"
"19163","","4005","","5","7","0.0017962897638334","0.0067073735427026"
"19163","","4025","","3","7","0.00059470601933627","0.00011359279868414"
"19163","","4025","","4","7","0.0041969781690164","0.0018655161551247"
"19165","","4025","","4","7","0.011805150728799","0.0053713277091322"
"19165","","4025","","7","7","0.056992260554391","0.023477468021392"
"19167","","4001","","4","7","8.96E-5","1.57E-5"
"19167","","4005","","4","7","0.004221755101947","0.00073987284392293"
"19167","","4005","","7","7","0.18262531581024","0.075230916796848"
"19167","","4015","","4","7","0.026745213574577","0.012177199379053"
"19167","","4025","","4","7","0.079851835268437","0.036356850026106"
"19167","","4025","","7","7","0.46362878972582","0.1909878635924"
"19169","","4001","","4","7","0.022421409690859","0.0039294065506278"
"19169","","4001","","7","7","0.044654236927464","0.018394926070421"
"19169","","4005","","4","7","0.025961586156686","0.011911374329765"
"19169","","4015","","4","7","0.0019014359641038","0.00095397308248753"
"19169","","4025","","4","7","0.065871511698244","0.029971449255965"
"19171","","4001","","4","7","0.0030123179445858","0.0013706006146112"
"19171","","4001","","7","7","0.23692613807845","0.097599670131708"
"19171","","4015","","4","7","6.24E-6","3.13E-6"
"19171","","4025","","4","7","1.86E-5","9.34E-6"
"19177","","4001","","4","7","0.0011962848083448","0.00054430797934674"
"19177","","4001","","7","7","0.094090711836204","0.038759853649538"
"19179","","4001","","7","7","0.036244102168712","0.01493044391208"
"19179","","4015","","5","7","0.00010513276212978","0.00039256734708305"
"19179","","4025","","5","7","0.00031388958549513","0.0011720685289588"
"19181","","4001","","7","7","0.01838613726068","0.0075740099686445"
"19181","","4025","","4","7","0.035283385722618","0.016053893063946"
"19183","","4001","","4","7","0.0021225434106149","0.00096575439798996"
"19183","","4001","","7","7","0.16694320534282","0.068770807241175"
"19183","","4025","","4","7","6.22E-5","3.12E-5"
"19187","","4001","","4","7","0.0021073467159","0.00036931763453202"
"19187","","4001","","7","7","0.033152537833792","0.013656900765991"
"19187","","4005","","4","7","0.017775592869607","0.0081380146068885"
"19187","","4025","","4","7","0.045126693263917","0.020659884125173"
"19191","","4001","","4","7","0.0058756231812778","0.002673400647484"
"19193","","4005","","4","7","0.0026868068484526","0.00047086943132239"
"19193","","4015","","4","7","0.014450056937419","0.0065868654419071"
"19193","","4025","","4","7","0.049963771863747","0.02086146275181"
"19193","","4025","","7","7","0.32079071183769","0.13214695478768"
"19195","","4001","","4","7","0.0025590644677078","0.0011643708920482"
"19195","","4001","","7","7","0.2036233722011","0.083880884224569"
"19197","","4001","","7","7","0.049306324587627","0.020311313281803"
"19197","","4005","","4","7","0.10280652812282","0.046776832068621"
"20019","","4005","","7","7","3.83E-5","1.26E-5"
"20019","","4025","","7","7","9.73E-5","3.20E-5"
"20037","","4001","","7","7","7.88E-5","2.59E-5"
"20041","","4025","","7","7","0.00061653380112093","0.00020293279064883"
"20111","","4005","","7","7","0.0030879757199084","0.0010164106641964"
"20111","","4025","","7","7","0.007839408459731","0.0025803500681988"
"20113","","4025","","7","7","0.0018339795508218","0.00060365642169904"
"20115","","4025","","7","7","0.00060070374055111","0.00019772230849565"
"20131","","4005","","7","7","0.0020596411286479","0.00067793318259552"
"20147","","4015","","7","7","8.29E-6","2.73E-6"
"20147","","4025","","7","7","2.48E-5","8.15E-6"
"20155","","4015","","7","7","0.001527427466405","0.00050275446002748"
"20155","","4025","","7","7","0.0045603631502795","0.0015010486347638"
"20161","","4005","","7","7","3.88E-5","1.28E-5"
"20161","","4025","","7","7","9.85E-5","3.24E-5"
"20197","","4005","","7","7","0.00032930460055468","0.0001083909778224"
"21001","","4001","","3","7","0.00044056986956918","0.050276796880247"
"21009","","4001","","3","7","0.0014027952069885","0.16008368832692"
"21027","","4001","","3","7","0.00013405540393918","0.011088378447234"
"21035","","4005","","3","7","0.00048809904879232","0.055700714979829"
"21035","","4025","","3","7","0.0012391314438193","0.14140676476526"
"21047","","4001","","3","7","2.85E-5","0.002175347626255"
"21047","","4005","","3","7","0.0022156196971666","0.25284130661783"
"21059","","4001","","3","7","0.0021667406946674","0.16529136156463"
"21083","","4005","","3","7","0.00021609669163403","0.016485090476082"
"21083","","4025","","3","7","0.00086963508838329","0.099240710086093"
"21085","","4001","","3","7","0.00039193775303396","0.032354197979936"
"21099","","4001","","3","7","0.00055155251536354","0.062941875282662"
"21101","","4001","","3","7","1.32E-5","0.0010092863310187"
"21101","","4005","","3","7","0.0011393469828372","0.13001959686495"
"21141","","4001","","3","7","0.0016725596734794","0.12759240937686"
"21145","","4005","","3","7","3.57E-5","0.0027244400330187"
"21145","","4025","","3","7","0.00050491956926488","0.054190171106861"
"21171","","4001","","3","7","0.00022852648654324","0.026078904934934"
"21213","","4001","","3","7","0.00065566509127014","0.05224986039183"
"21227","","4001","","3","7","0.0019865466434889","0.16398808969609"
"26049","","4005","","5","7","9.87E-5","0.0011862806879734"
"26049","","4025","","5","7","0.0002506202681319","0.0030115971446789"
"26087","","4005","","5","7","6.32E-6","7.59E-5"
"26091","","4025","","5","7","6.62E-6","7.96E-5"
"26091","","4025","","7","7","3.60E-6","1.18E-5"
"26093","","4005","","5","7","2.52E-5","0.00030327467339406"
"26093","","4005","","7","7","9.69E-7","3.16E-6"
"26093","","4025","","5","7","6.41E-5","0.00076991992679851"
"26093","","4025","","7","7","2.46E-6","8.02E-6"
"26099","","4001","","7","7","1.29E-6","4.20E-6"
"26115","","4005","","5","7","6.80E-5","0.00081695018913839"
"26115","","4025","","5","7","0.00017259344902769","0.0020739820532333"
"26125","","4005","","5","7","0.00097965734708358","0.011772125579595"
"26125","","4005","","7","7","1.11E-5","3.61E-5"
"26147","","4001","","5","7","5.55E-6","6.67E-5"
"26147","","4001","","7","7","4.26E-8","1.39E-7"
"26161","","4005","","5","7","5.16E-5","0.00061998203725539"
"26161","","4005","","7","7","5.70E-6","1.86E-5"
"26161","","4025","","5","7","0.00013098085974859","0.0015739412704596"
"26161","","4025","","7","7","1.45E-5","4.72E-5"
"26163","","4005","","5","7","0.0036756687280224","0.044168947422368"
"26163","","4005","","7","7","7.39E-5","0.000240744189494"
"27003","","4001","","6","7","9.12E-8","2.18E-7"
"27003","","4005","","3","7","0.0016440135114285","0.011639746224528"
"27003","","4005","","6","7","4.30E-6","1.03E-5"
"27003","","4025","","3","7","0.0041736382013348","0.029549689925798"
"27003","","4025","","6","7","1.38E-5","8.60E-5"
"27009","","4001","","6","7","3.90E-7","9.32E-7"
"27009","","4005","","6","7","1.83E-5","4.39E-5"
"27009","","4025","","3","7","0.0026377899589349","0.018675762396218"
"27009","","4025","","6","7","6.62E-6","4.13E-5"
"27019","","4005","","6","7","1.08E-5","2.59E-5"
"27019","","4025","","6","7","2.75E-5","6.57E-5"
"27025","","4001","","6","7","1.51E-7","3.62E-7"
"27037","","4001","","6","7","1.86E-6","4.45E-6"
"27037","","4005","","3","7","0.0020018283072986","0.014173103396083"
"27037","","4005","","6","7","8.76E-5","0.00020969871531222"
"27037","","4025","","3","7","0.005082018510052","0.035981094652903"
"27037","","4025","","6","7","1.68E-5","0.00010474564950499"
"27049","","4005","","3","7","5.68E-5","0.00040185712568535"
"27049","","4005","","6","7","1.17E-5","2.79E-5"
"27049","","4025","","3","7","0.00014409302564558","0.0010201900650936"
"27049","","4025","","6","7","5.51E-7","3.44E-6"
"27053","","4005","","3","7","0.024959004897184","0.17671173685643"
"27053","","4015","","6","7","6.39E-5","0.00039929242100032"
"27053","","4025","","3","7","0.063363138795421","0.44861605482026"
"27053","","4025","","6","7","0.00019074355887566","0.0011921472429729"
"27079","","4005","","6","7","9.47E-6","2.27E-5"
"27079","","4025","","3","7","0.00053498523246059","0.0037877379330664"
"27079","","4025","","6","7","2.40E-5","5.75E-5"
"27095","","4001","","6","7","1.07E-8","2.57E-8"
"27095","","4005","","3","7","5.55E-6","3.93E-5"
"27095","","4005","","6","7","5.05E-7","1.21E-6"
"27095","","4025","","3","7","1.41E-5","9.98E-5"
"27095","","4025","","6","7","6.88E-8","4.30E-7"
"27123","","4001","","6","7","1.74E-6","4.15E-6"
"27123","","4005","","6","7","8.18E-5","0.00019563231974419"
"27123","","4025","","3","7","0.019434728772711","0.13759942317039"
"27131","","4005","","6","7","2.87E-5","6.87E-5"
"27131","","4025","","6","7","7.29E-5","0.00017442644750256"
"27139","","4005","","6","7","3.66E-6","8.75E-6"
"27139","","4025","","3","7","0.00021961614380514","0.0015548997395284"
"27139","","4025","","6","7","9.29E-6","2.22E-5"
"27141","","4001","","6","7","2.46E-8","5.88E-8"
"27141","","4005","","6","7","1.16E-6","2.77E-6"
"27143","","4025","","6","7","2.89E-6","6.91E-6"
"27145","","4005","","6","7","1.42E-5","3.40E-5"
"27145","","4025","","3","7","0.0047869406235082","0.033891919781794"
"27145","","4025","","6","7","3.60E-5","8.62E-5"
"27163","","4001","","6","7","5.14E-7","1.23E-6"
"27163","","4005","","3","7","0.00055086757771382","0.0039001861987971"
"27163","","4015","","6","7","6.66E-7","4.16E-6"
"27163","","4025","","6","7","1.99E-6","1.24E-5"
"27171","","4005","","6","7","2.08E-5","4.98E-5"
"27001","","4001","","6","7","1.23E-12","6.96E-12"
"27001","","4005","","6","7","5.78E-11","3.28E-10"
"27005","","4001","","7","7","0.0015438181614581","0.0036490247452646"
"27005","","4015","","6","7","2.94E-10","1.67E-9"
"27005","","4025","","6","7","8.79E-10","4.98E-9"
"27007","","4001","","6","7","3.38E-11","1.91E-10"
"27007","","4005","","6","7","1.59E-9","9.01E-9"
"27013","","4001","","7","7","0.00056908593930691","0.00134511222018"
"27013","","4015","","6","7","2.05E-8","1.16E-7"
"27013","","4025","","6","7","6.13E-8","3.48E-7"
"27015","","4015","","6","7","2.32E-8","1.32E-7"
"27015","","4025","","6","7","6.94E-8","3.93E-7"
"27027","","4001","","7","7","0.0010173748841826","0.0024047042717043"
"27027","","4015","","6","7","1.14E-8","6.43E-8"
"27027","","4025","","6","7","3.39E-8","1.92E-7"
"27035","","4001","","7","7","0.0076115855813129","0.017991020464921"
"27035","","4005","","6","7","3.37E-10","1.91E-9"
"27035","","4025","","6","7","8.55E-10","4.85E-9"
"27039","","4001","","4","7","0.00016684931723462","3.00E-5"
"27039","","4025","","6","7","4.55E-9","2.58E-8"
"27041","","4001","","7","7","0.0018468092685985","0.0043651855439601"
"27041","","4015","","6","7","6.60E-9","3.74E-8"
"27041","","4025","","6","7","1.97E-8","1.12E-7"
"27043","","4015","","6","7","7.33E-9","4.16E-8"
"27043","","4025","","6","7","2.19E-8","1.24E-7"
"27045","","4025","","6","7","6.35E-9","3.60E-8"
"27047","","4015","","6","7","2.32E-8","1.31E-7"
"27047","","4025","","6","7","6.93E-8","3.93E-7"
"27055","","4005","","6","7","7.91E-10","4.48E-9"
"27055","","4025","","6","7","2.01E-9","1.14E-8"
"27065","","4005","","6","7","2.32E-10","1.31E-9"
"27065","","4025","","6","7","5.88E-10","3.33E-9"
"27067","","4001","","7","7","0.00042362035535937","0.001001284476304"
"27067","","4005","","4","7","0.0011946630467328","0.00021502316234404"
"27067","","4025","","4","7","0.0030328773424951","0.00054587683026471"
"27083","","4001","","7","7","0.0001532704226912","0.00036227554454283"
"27083","","4005","","7","7","0.0072185072130209","0.017061926139868"
"27093","","4015","","6","7","2.05E-9","1.16E-8"
"27093","","4025","","6","7","6.12E-9","3.47E-8"
"27099","","4025","","6","7","2.35E-7","1.33E-6"
"27103","","4001","","7","7","0.0007194173976827","0.0017004411217955"
"27109","","4001","","7","7","0.016486101167142","0.038967148213245"
"27109","","4025","","6","7","1.37E-7","7.76E-7"
"27111","","4001","","7","7","0.0015738726226034","0.0037200625625171"
"27111","","4015","","6","7","3.54E-8","2.01E-7"
"27111","","4025","","6","7","1.06E-7","6.00E-7"
"27119","","4005","","6","7","1.92E-8","1.09E-7"
"27119","","4015","","6","7","1.63E-8","9.23E-8"
"27119","","4025","","6","7","4.87E-8","2.76E-7"
"27135","","4001","","6","7","2.48E-12","1.41E-11"
"27135","","4005","","6","7","1.17E-10","6.62E-10"
"27137","","4001","","6","7","1.89E-9","1.07E-8"
"27147","","4025","","6","7","1.97E-8","1.12E-7"
"27151","","4015","","6","7","4.92E-10","2.79E-9"
"27151","","4025","","6","7","1.47E-9","8.33E-9"
"27153","","4015","","6","7","1.81E-8","1.03E-7"
"27153","","4025","","6","7","5.40E-8","3.06E-7"
"27157","","4005","","6","7","7.88E-9","4.47E-8"
"27157","","4025","","6","7","2.00E-8","1.13E-7"
"27159","","4025","","6","7","5.17E-11","2.93E-10"
"27161","","4015","","6","7","2.41E-9","1.36E-8"
"27161","","4025","","6","7","7.19E-9","4.07E-8"
"27165","","4015","","6","7","1.95E-8","1.10E-7"
"27165","","4025","","6","7","5.81E-8","3.29E-7"
"27169","","4001","","4","7","0.0025457682189175","0.0004582037876903"
"27169","","4005","","6","7","1.56E-8","8.85E-8"
"27169","","4025","","6","7","3.96E-8","2.25E-7"
"28001","","4025","","4","7","0.00016643295985319","7.49E-5"
"28047","","4001","","4","7","0.00017381035294687","7.82E-5"
"28049","","4025","","4","7","0.0052765575619489","0.0023733082263015"
"28059","","4001","","4","7","9.68E-5","4.35E-5"
"28067","","4005","","4","7","0.0098469369310358","0.0044289891937932"
"28067","","4025","","4","7","0.024998305583144","0.011243823949143"
"28071","","4025","","4","7","4.81E-5","2.17E-5"
"28081","","4005","","4","7","0.0054429989450136","0.0024481708045994"
"28103","","4005","","4","7","0.0012397179424169","0.00055760460423084"
"28107","","4025","","4","7","6.65E-5","2.99E-5"
"28121","","4005","","4","7","0.0041582459007625","0.0018703101572191"
"28121","","4025","","4","7","0.010556491063681","0.0047481348944216"
"28133","","4025","","4","7","0.0070526113466033","0.0031721478121464"
"28149","","4025","","4","7","0.003369943927773","0.0015157449818484"
"29189","","4005","","7","7","0.0025894883035477","0.17435887910554"
"29189","","4025","","7","7","0.0065739041865938","0.44264288189731"
"29510","","4005","","7","7","0.0014322087326906","0.096435388001169"
"29510","","4025","","7","7","0.0036359318445316","0.24481941086512"
"31001","","4001","","6","7","0.37336579471199","0.098181250682765"
"31003","","4001","","6","7","3.610587157531","0.94944948853436"
"31011","","4001","","6","7","3.5959518652271","0.94560095360464"
"31019","","4005","","6","7","7.0434319553731","1.8521593790104"
"31035","","4001","","6","7","0.33344265381905","0.08768295662485"
"31037","","4001","","6","7","2.2025283648764","0.57918264766231"
"31041","","4001","","6","7","0.0053018009410977","0.0013941755100238"
"31041","","4005","","6","7","0.24969650153847","0.065660848313834"
"31041","","4025","","6","7","0.63390163786131","0.16669244075528"
"31065","","4025","","6","7","1.1309800361881","0.29740548283445"
"31067","","4001","","6","7","3.2704952722038","0.86001803251615"
"31081","","4001","","6","7","0.37575555091084","0.098809667253732"
"31083","","4005","","6","7","3.3094730028447","0.87026771900942"
"31089","","4001","","6","7","1.8212303649341","0.47891552344421"
"31099","","4001","","6","7","0.097794815010904","0.025716381586231"
"31099","","4005","","6","7","4.6057978125012","1.2111526980454"
"31107","","4001","","6","7","2.7525900444614","0.72382831263537"
"31109","","4001","","4","7","0.00011245","0.002249"
"31109","","4001","","6","7","6.8688615388232","1.8062538834566"
"31119","","4001","","6","7","5.1768996636442","1.3613311418306"
"31121","","4001","","6","7","3.1972642199022","0.8407610025321"
"31123","","4015","","6","7","0.33780616971676","0.0888303982338"
"31123","","4025","","6","7","1.0085708435892","0.26521643982449"
"31135","","4015","","6","7","0.12067027879308","0.031731773665237"
"31135","","4025","","6","7","0.36027916535841","0.09473995623278"
"31145","","4025","","6","7","0.65541554457929","0.17234979421015"
"31151","","4001","","6","7","1.4386333525263","0.37830680749405"
"31157","","4015","","6","7","0.79210245271824","0.20829334282417"
"31157","","4025","","6","7","2.3649403432061","0.62189092834605"
"31161","","4001","","6","7","0.01068416538091","0.0028095362094119"
"31161","","4005","","6","7","0.50318726544252","0.13231944583166"
"31161","","4025","","6","7","1.27743572597","0.33591785594427"
"31169","","4001","","6","7","0.37298458998097","0.098081008084788"
"32003","","4015","","3","7","0.0033361842684472","0.027373488717124"
"32003","","4015","","7","7","0.029215667836923","0.004042928226899"
"32003","","4025","","3","7","0.0099606771090594","0.081727644674332"
"32003","","4025","","7","7","0.14422193485697","0.019957672441415"
"33003","","4001","","7","7","1.78E-5","0.00015681657450167"
"33005","","4005","","7","7","0.0008681513025177","0.0076672372459979"
"33005","","4025","","7","7","0.0022039657311443","0.019464727051294"
"33009","","4005","","7","7","0.00012319103580059","0.0010879841973676"
"33019","","4005","","7","7","1.26E-5","0.00011162947886946"
"33019","","4025","","7","7","3.21E-5","0.0002833924746761"
"34003","","4025","","7","7","0.012737654818356","0.13703638601599"
"34013","","4005","","7","7","0.0043198705593465","0.038747568249165"
"34013","","4015","","7","7","0.012099161371797","0.13016723815014"
"34021","","4005","","7","7","0.00040636515176253","0.0036449382535164"
"34023","","4005","","7","7","0.0090013817821599","0.0807389133886"
"34023","","4015","","7","7","0.0049641218262046","0.053405852529921"
"34023","","4025","","7","7","0.01482112816984","0.15945116036177"
"34025","","4005","","7","7","0.0015537998792857","0.013936984000112"
"34025","","4015","","7","7","0.00077505241168615","0.0083382995523939"
"34025","","4025","","7","7","0.0023140348956195","0.024895240429471"
"34027","","4005","","7","7","0.0033716162365105","0.030242093701518"
"34027","","4025","","7","7","0.0085594833784024","0.07677525560683"
"34029","","4005","","7","7","0.00045681174822967","0.0040974247140932"
"34029","","4015","","7","7","0.00031394614458311","0.0033775483533534"
"34029","","4025","","7","7","0.00093733316993366","0.010084175771156"
"34031","","4005","","7","7","0.0017073052615126","0.015313867911965"
"34035","","4005","","7","7","0.0007176616495613","0.0064371474478606"
"34035","","4025","","7","7","0.0018219193792632","0.016341912222286"
"34037","","4005","","7","7","3.03E-5","0.00027146386343949"
"34037","","4015","","7","7","0.000256338743694","0.0027577866987793"
"34037","","4025","","7","7","7.68E-5","0.00068916218927456"
"34039","","4005","","7","7","0.0026445596571374","0.023720677366644"
"34039","","4015","","7","7","0.0018174867693221","0.019553192644289"
"34039","","4025","","7","7","0.0054263785817895","0.058378981108154"
"35001","","4001","","6","7","0.00017005189312745","0.00045555439773566"
"35001","","4001","","7","7","0.012489540713561","0.061790359319723"
"35001","","4001","","43","7","1.6068278757915","5.8880866983907"
"35001","","4005","","43","7","0.95426550524836","2.8168898541974"
"35001","","4015","","43","7","0.40735940979847","3.4966947251961"
"35001","","4025","","43","7","2.4049898983242","6.6213618067514"
"35005","","4001","","4","7","4.1151058878743","1.8982338537087"
"35005","","4001","","5","7","0.00092280091432702","0.0031318644238598"
"35005","","4001","","7","7","0.00099713932101132","0.0039065556951463"
"35005","","4001","","43","7","0.038594523622503","0.096492441088882"
"35005","","4005","","43","7","0.024355805144025","0.074827761858535"
"35005","","4025","","43","7","0.018223903256505","0.089067985167935"
"35009","","4001","","43","7","0.083930705202048","0.25733872659493"
"35009","","4005","","43","7","0.0066101759413992","0.037718958136469"
"35009","","4025","","43","7","0.0080039831722995","0.027317911599665"
"35013","","4001","","5","7","0.0016838516008231","0.0057147699376992"
"35013","","4001","","6","7","4.24E-5","0.00011345749116492"
"35013","","4001","","7","7","0.0022077671859873","0.0086901618567187"
"35013","","4001","","43","7","0.018891264092061","0.057290886975114"
"35013","","4005","","5","7","0.07930359108285","0.26914591407599"
"35013","","4005","","43","7","0.21256552940493","0.57376119175022"
"35013","","4015","","43","7","0.010938467995147","0.037512609574713"
"35013","","4025","","43","7","0.21526175903804","0.74301625454849"
"35015","","4001","","43","7","0.00051652520719148","0.0014995583413432"
"35015","","4005","","43","7","0.00034049376217461","0.0011884036356829"
"35015","","4025","","43","7","0.0015497004554956","0.0083604483607826"
"35025","","4001","","43","7","0.047698116904801","0.17166361323261"
"35025","","4005","","43","7","0.0097172189029706","0.032083896749213"
"35027","","4001","","5","7","1.09E-5","3.71E-5"
"35027","","4001","","7","7","1.23E-5","4.80E-5"
"35027","","4001","","43","7","0.00026626005460573","0.00096851903614316"
"35027","","4005","","43","7","0.00028563324530735","0.001032561472505"
"35027","","4025","","43","7","0.00065231194489866","0.0022749324636017"
"35029","","4001","","6","7","6.32E-6","1.69E-5"
"35031","","4001","","3","7","0.0015360876073776","0.0045715644833902"
"35031","","4005","","3","7","0.072344417657331","0.21530488804502"
"35031","","4005","","6","7","2.63E-6","7.05E-6"
"35031","","4005","","7","7","0.00010942872219472","0.00054138420454231"
"35031","","4005","","43","7","0.033344285617682","0.11784922698806"
"35031","","4015","","5","7","0.011135962017238","0.037793984299069"
"35031","","4015","","43","7","0.11435976389575","0.2952003558008"
"35031","","4025","","3","7","0.18365994141107","0.54659204406297"
"35031","","4025","","5","7","0.033248080149987","0.11283959277319"
"35031","","4025","","6","7","6.69E-6","1.79E-5"
"35031","","4025","","7","7","0.02837288029099","0.11144425502953"
"35031","","4025","","43","7","0.31221627209582","0.92407622255718"
"35035","","4001","","5","7","0.00027639151662026","0.00093803630286925"
"35035","","4001","","7","7","0.00030990862708235","0.001214148601497"
"35035","","4001","","43","7","0.0035622204300192","0.010718067582605"
"35035","","4005","","43","7","0.0012002421320166","0.0070417881355845"
"35035","","4025","","43","7","0.015847701490782","0.052248363591598"
"35037","","4001","","5","7","0.0038543266531865","0.013081075598904"
"35037","","4001","","43","7","0.0084909039757497","0.023270831171479"
"35037","","4005","","43","7","0.00045798157699672","0.0022383512320595"
"35037","","4025","","43","7","0.0011626725644123","0.0056824765399958"
"35039","","4001","","3","7","0.0080054640868224","0.02382513543928"
"35039","","4001","","5","7","1.40E-5","4.74E-5"
"35039","","4001","","7","7","5.16E-5","0.00021479829262767"
"35039","","4001","","43","7","0.0018722412701083","0.0065316250102431"
"35039","","4005","","5","7","0.00065834798000929","0.0022343460925315"
"35039","","4005","","43","7","0.0015172759672748","0.0039355909715614"
"35039","","4015","","43","7","0.00020349060015633","0.00099454532332796"
"35039","","4025","","43","7","0.0024470100188889","0.0087902969052972"
"35043","","4001","","3","7","0.035382296144196","0.1053015776032"
"35043","","4001","","7","7","4.71E-5","0.00023299135618965"
"35043","","4001","","43","7","0.0056711070463628","0.018355536677231"
"35043","","4005","","5","7","0.00091739018835215","0.0031135011345253"
"35043","","4005","","43","7","0.0035482243890274","0.011118576834342"
"35043","","4015","","43","7","0.0025804903154039","0.016212532569605"
"35043","","4025","","5","7","0.0023289679245455","0.0079042095363702"
"35043","","4025","","43","7","0.010751039508365","0.030329348407269"
"35045","","4001","","3","7","0.0196411415407","0.058454182332732"
"35045","","4001","","6","7","2.61E-7","6.99E-7"
"35045","","4001","","7","7","0.0002001687501613","0.00079118322416821"
"35045","","4001","","43","7","0.00071966194131948","0.0025687115000653"
"35045","","4005","","6","7","1.23E-5","3.29E-5"
"35045","","4005","","7","7","0.0094272563583376","0.03726199556444"
"35045","","4005","","43","7","0.055640920198166","0.1658006674322"
"35045","","4015","","5","7","0.013666746072217","0.04638313112717"
"35045","","4015","","43","7","0.050162258077405","0.14020927546884"
"35045","","4025","","5","7","0.040804114462245","0.13848377526219"
"35045","","4025","","6","7","3.12E-5","8.35E-5"
"35045","","4025","","7","7","0.023123534020466","0.090592529665708"
"35045","","4025","","43","7","0.30882257757384","0.87685322831148"
"35047","","4001","","5","7","0.00013249947496236","0.00044968571809161"
"35047","","4001","","7","7","0.00219957882035","0.0086174288652529"
"35047","","4001","","43","7","0.013252704098341","0.035368908120423"
"35047","","4005","","43","7","0.0012028073891433","0.0037042995724451"
"35047","","4015","","43","7","0.0003722340935564","0.0012765473399176"
"35047","","4025","","43","7","0.0046617322614703","0.017089248047447"
"35049","","4001","","6","7","0.00015500922195568","0.00041525637529109"
"35049","","4001","","7","7","0.0051601904001633","0.021467581662206"
"35049","","4001","","43","7","0.29076032464739","1.0133921951813"
"35049","","4005","","43","7","0.05137600444096","0.15755488125476"
"35049","","4015","","43","7","0.081618240692028","0.27848886264813"
"35049","","4025","","43","7","0.15150278204962","0.58088745318432"
"35055","","4001","","5","7","0.00024613335399263","0.00083534409527215"
"35055","","4001","","7","7","0.0037894050255149","0.014845991399303"
"35055","","4001","","43","7","0.021072602526612","0.057431245228321"
"35055","","4005","","43","7","0.0025130764720677","0.0058145509693923"
"35055","","4025","","43","7","0.0022470602134963","0.010982341321182"
"35061","","4001","","6","7","1.41E-6","3.79E-6"
"36009","","4025","","3","7","1.85E-5","0.00092478488188315"
"36029","","4025","","3","7","0.00024460514050419","0.01223025702521"
"36063","","4025","","3","7","8.43E-6","0.00042154822879198"
"36011","","4005","","6","7","0.49484021933947","0.93267454679005"
"36011","","4025","","6","7","1.2562451759886","2.3677701495977"
"39041","","4025","","3","7","0.0012080669926109","0.022138168077154"
"39041","","4025","","6","7","3.61E-5","0.00012399685756174"
"39045","","4005","","6","7","8.43E-6","2.89E-5"
"39045","","4025","","6","7","2.14E-5","7.35E-5"
"39047","","4025","","3","7","0.037657289881745","0.69008044904068"
"39047","","4025","","6","7","7.80E-5","0.00026755329097551"
"39049","","4025","","3","7","0.032943029512362","0.60369029927646"
"39049","","4025","","6","7","0.0011698369118182","0.004013516659356"
"39083","","4005","","3","7","0.0080757845301115","0.14799102729898"
"39083","","4005","","6","7","6.62E-7","2.27E-6"
"39083","","4025","","3","7","0.020501901344677","0.37570311964963"
"39083","","4025","","6","7","1.68E-6","5.76E-6"
"39089","","4005","","6","7","1.09E-5","3.74E-5"
"39089","","4025","","6","7","2.77E-5","9.51E-5"
"39091","","4025","","6","7","2.64E-6","9.07E-6"
"39097","","4025","","3","7","0.036267447493668","0.66461119561665"
"39097","","4025","","6","7","3.85E-6","1.32E-5"
"39101","","4025","","3","7","0.038985232584235","0.71441537328275"
"39101","","4025","","6","7","0.00010136862822763","0.00034777897159642"
"39119","","4005","","6","7","0.00012395736015774","0.00042527716899413"
"39129","","4025","","3","7","0.017701064462892","0.32437699450516"
"39129","","4025","","6","7","1.00E-6","3.44E-6"
"39141","","4005","","6","7","1.85E-6","6.34E-6"
"39141","","4025","","6","7","4.69E-6","1.61E-5"
"39003","","4025","","5","7","0.007431827578596","0.050926834858979"
"39013","","4001","","5","7","4.48E-5","0.00030713897687589"
"39029","","4001","","5","7","4.19E-5","0.00029979656888202"
"39039","","4015","","5","7","5.97E-5","0.00040880603890766"
"39039","","4025","","5","7","0.00017811687806687","0.0012205515721372"
"39063","","4025","","5","7","0.00047779472481432","0.0032728509753431"
"39069","","4025","","5","7","0.00031890562986939","0.00218531097179"
"39075","","4005","","5","7","0.0017425773162422","0.011907611660989"
"39081","","4001","","5","7","4.19E-5","0.00030117907538788"
"39095","","4025","","5","7","0.01023486981087","0.07013477090918"
"39099","","4001","","5","7","0.00065277992506907","0.0046659608900545"
"39107","","4015","","5","7","0.00031000649474946","0.0021243293653349"
"39107","","4025","","5","7","0.00092557075612252","0.0063425030450259"
"39139","","4005","","5","7","0.00046756229263699","0.0032045808557196"
"39139","","4025","","5","7","0.0011869950170652","0.0081354325774831"
"39143","","4025","","5","7","0.0011196024875352","0.0076721116559029"
"39145","","4025","","5","7","0.00041450999088507","0.0028393562287337"
"39155","","4001","","5","7","9.85E-5","0.00070421975246034"
"39167","","4001","","5","7","3.82E-7","3.36E-6"
"39173","","4025","","5","7","0.0015162925186732","0.010390442711396"
"40037","","4015","","7","7","9.79E-7","1.78E-6"
"40143","","4015","","7","7","0.00030420527962309","0.00055294022515529"
"41003","","4001","","7","7","9.75E-11","6.97E-9"
"41003","","4025","","7","7","1.17E-8","8.34E-7"
"41005","","4001","","7","7","4.89E-9","3.49E-7"
"41005","","4005","","7","7","2.30E-7","1.65E-5"
"41005","","4025","","7","7","5.84E-7","4.18E-5"
"41043","","4001","","7","7","2.97E-9","2.12E-7"
"41043","","4005","","7","7","1.40E-7","9.99E-6"
"41043","","4025","","7","7","3.55E-7","2.54E-5"
"41047","","4001","","3","7","1.68E-5","3.88E-5"
"41047","","4001","","7","7","4.08E-9","2.92E-7"
"41047","","4005","","3","7","0.00079025957393397","0.001827395729741"
"41047","","4005","","7","7","1.92E-7","1.37E-5"
"41047","","4025","","3","7","0.0020062228952581","0.0046391885307417"
"41047","","4025","","7","7","4.88E-7","3.49E-5"
"41051","","4001","","3","7","0.0001389726170706","0.00032136019019868"
"41051","","4001","","7","7","9.27E-9","6.63E-7"
"41051","","4005","","3","7","0.0065451299808683","0.015134954351895"
"41051","","4005","","7","7","4.37E-7","3.12E-5"
"41051","","4025","","3","7","0.016616046237429","0.038422934616664"
"41051","","4025","","7","7","1.11E-6","7.93E-5"
"41053","","4001","","7","7","4.88E-10","3.49E-8"
"41053","","4005","","7","7","2.30E-8","1.64E-6"
"41053","","4025","","7","7","5.84E-8","4.17E-6"
"41067","","4001","","7","7","4.22E-9","3.02E-7"
"41067","","4005","","3","7","0.00027625925019599","0.00063882171220845"
"41067","","4005","","7","7","1.99E-7","1.42E-5"
"41067","","4025","","3","7","0.00070133618250393","0.0016217693366757"
"41067","","4025","","7","7","5.05E-7","3.61E-5"
"41071","","4005","","7","7","8.76E-8","6.27E-6"
"42011","","4001","","4","7","0.00047045007712571","2.16E-5"
"42017","","4001","","4","7","0.0067993051236362","0.00031189473044203"
"42029","","4001","","4","7","0.00044189354448807","2.03E-5"
"42045","","4001","","4","7","0.0038270276990741","0.00017555172931533"
"42091","","4001","","4","7","0.0072583413913505","0.00033295143997021"
"42101","","4001","","4","7","0.022085827453486","0.0010131113510773"
"42003","","4005","","7","7","6.75E-7","2.03E-6"
"42003","","4025","","7","7","1.71E-6","5.14E-6"
"42005","","4005","","7","7","1.21E-8","3.64E-8"
"42007","","4025","","7","7","3.50E-8","1.05E-7"
"42019","","4005","","7","7","4.82E-8","1.45E-7"
"42019","","4025","","7","7","1.22E-7","3.67E-7"
"42051","","4005","","7","7","4.08E-8","1.22E-7"
"42051","","4025","","7","7","1.04E-7","3.11E-7"
"42073","","4025","","7","7","3.21E-7","9.63E-7"
"42125","","4005","","7","7","8.37E-8","2.51E-7"
"42125","","4025","","7","7","2.12E-7","6.37E-7"
"42129","","4005","","7","7","1.09E-7","3.28E-7"
"42129","","4025","","7","7","2.77E-7","8.32E-7"
"46083","","4001","","7","7","4.66E-9","1.93E-7"
"46083","","4005","","4","7","0.00032601055598269","5.54E-5"
"46083","","4025","","4","7","0.00082763925054698","0.00014069400138341"
"46093","","4001","","7","7","2.70E-10","1.19E-8"
"46093","","4005","","7","7","1.27E-8","5.63E-7"
"46093","","4015","","7","7","4.93E-10","2.04E-8"
"46093","","4025","","7","7","3.38E-8","1.49E-6"
"46099","","4001","","7","7","4.17E-8","1.72E-6"
"46099","","4005","","4","7","0.0021706235850373","0.00036899375842104"
"46099","","4025","","4","7","0.0055105371411202","0.00093676021242796"
"46103","","4001","","7","7","1.63E-9","7.46E-8"
"46103","","4005","","7","7","4.14E-8","1.30E-6"
"46103","","4025","","7","7","2.05E-7","9.36E-6"
"46125","","4001","","7","7","9.18E-7","4.05E-5"
"46125","","4025","","4","7","0.00051711117823732","8.79E-5"
"47157","","4005","","7","7","0.033246685301352","3.7014642968839"
"47011","","4015","","6","7","0.019120562110866","0.043812731574218"
"47059","","4025","","6","7","0.0050806383513133","0.011641741650747"
"47065","","4015","","6","7","0.02254603033773","0.051661827174515"
"47123","","4015","","6","7","8.05E-5","0.00018443447440976"
"47123","","4025","","6","7","0.0002403152100663","0.00055065670824883"
"47163","","4005","","6","7","0.00030529782068193","0.00069955743927267"
"47163","","4025","","6","7","0.00077505606755947","0.0017759584287355"
"48055","","4005","","4","7","7.44E-5","5.50E-5"
"48055","","4025","","4","7","0.00018893035267018","0.00013955243777638"
"48453","","4005","","4","7","0.0021250160789514","0.0015696322477593"
"48453","","4025","","4","7","0.005394753889739","0.0039848073423698"
"48491","","4025","","4","7","0.00017909762347897","0.00013228954269766"
"48245","","4001","","7","7","1.27E-7","8.85E-7"
"48085","","4005","","7","7","0.00084985373379866","0.018415817190737"
"48085","","4025","","7","7","0.0021575139037922","0.046752023387738"
"48113","","4005","","7","7","0.02891500534842","0.62657070433234"
"48113","","4025","","7","7","0.073406191661471","1.5906678438224"
"48121","","4005","","7","7","0.0001048078051049","0.0026941771076966"
"48121","","4025","","7","7","0.021106622012097","0.45699121734277"
"48139","","4005","","7","7","0.0063765693347317","0.13817640671836"
"48139","","4025","","7","7","0.016188123262912","0.35078685521376"
"48181","","4005","","7","7","4.87E-5","0.001055229929984"
"48181","","4025","","7","7","0.0001236259690275","0.0026789000919746"
"48221","","4025","","7","7","1.17E-5","0.00025439366598057"
"48257","","4005","","7","7","0.0045500338995362","0.09859648686955"
"48257","","4015","","7","7","0.00017495818729033","0.0035391541886158"
"48257","","4025","","7","7","0.011551118752043","0.25030576771757"
"48439","","4005","","7","7","0.00044685100463252","0.011486699354377"
"48439","","4025","","7","7","0.089988672514079","1.9483948201517"
"48141","","4001","","43","7","0.020269178580947","0.027084152882248"
"48479","","4025","","3","7","0.3059387117983","0.41425313315812"
"48029","","4001","","7","7","4.80E-6","2.63E-5"
"48187","","4001","","7","7","4.64E-8","2.54E-7"
"48025","","4005","","3","7","0.00016261980486343","0.0005386408738013"
"48025","","4025","","3","7","0.00041284102907517","0.0013674413939239"
"48037","","4005","","3","7","0.034781947626475","0.1152072386126"
"48037","","4025","","3","7","0.08830053057444","0.2924752922049"
"48041","","4005","","3","7","0.0047549212622995","0.015749588100492"
"48041","","4025","","3","7","0.012071263944436","0.039983298248192"
"48089","","4005","","3","7","0.0019004117027849","0.0062946786895356"
"48089","","4025","","3","7","0.0048245533420921","0.015980228423395"
"48183","","4005","","3","7","0.030771038616145","0.10192202076428"
"48183","","4025","","3","7","0.078118081980666","0.25874826238468"
"48215","","4001","","3","7","0.0011893799084543","0.0039395486528197"
"48215","","4025","","3","7","0.14220637107745","0.47102604779041"
"48309","","4025","","3","7","0.12661506714628","0.41938342295614"
"48347","","4005","","3","7","0.0059522932613206","0.019715608723623"
"48347","","4025","","3","7","0.015111018472962","0.050051789209437"
"48423","","4005","","3","7","0.055009520914866","0.1822064442757"
"48423","","4025","","3","7","0.13965203833874","0.46256540537657"
"48469","","4005","","3","7","0.047015180744691","0.15572702266808"
"48469","","4025","","3","7","0.11935689885432","0.39534240215758"
"49003","","4001","","3","7","0.0026565790972269","0.035424019689699"
"49003","","4001","","7","7","5.17E-9","6.10E-7"
"49003","","4005","","3","7","7.92E-5","0.0026001702853905"
"49003","","4005","","7","7","2.44E-7","2.87E-5"
"49003","","4015","","3","7","6.73E-5","0.0022109166758886"
"49003","","4025","","3","7","0.00020102903238768","0.0066010224110946"
"49003","","4025","","7","7","6.18E-7","7.30E-5"
"49011","","4001","","3","7","7.63E-5","0.0015488035830107"
"49011","","4005","","3","7","0.0021088820977175","0.021691996905477"
"49011","","4005","","7","7","3.87E-7","2.91E-5"
"49011","","4025","","3","7","0.00047975048380871","0.015753165887241"
"49035","","4001","","3","7","4.21E-5","0.0014150036051544"
"49035","","4001","","7","7","5.14E-6","2.03E-6"
"49035","","4005","","3","7","0.0059279831394446","0.098352613085814"
"49035","","4005","","7","7","0.00024297495770823","0.00022098082352937"
"49035","","4015","","7","7","0.00020510367028931","7.53E-5"
"49035","","4025","","3","7","0.015941853272904","0.28137219540035"
"49035","","4025","","7","7","4.47E-6","0.00033614760072353"
"49043","","4001","","3","7","0.0023341193061833","0.029703680796773"
"49043","","4005","","3","7","1.94E-5","0.00031427055985741"
"49043","","4025","","3","7","5.21E-5","0.00089460904935872"
"49049","","4001","","3","7","0.11103835789343","1.4135873146769"
"49049","","4001","","7","7","2.17E-7","7.06E-7"
"49049","","4005","","3","7","0.000583693191076","0.0077760184364095"
"49049","","4005","","7","7","3.94E-7","2.96E-5"
"49049","","4015","","3","7","0.00049631249807115","0.0066119241996078"
"49049","","4015","","7","7","3.35E-7","2.52E-5"
"49049","","4025","","3","7","0.0014818151938527","0.019740888608807"
"49049","","4025","","7","7","2.60E-5","8.44E-5"
"49057","","4001","","3","7","3.94E-5","0.00059262229729929"
"49057","","4001","","7","7","2.83E-6","0.00033232260796665"
"49057","","4005","","3","7","0.0017534673074247","0.024565228873148"
"49057","","4005","","7","7","1.47E-6","0.00011033090597072"
"49057","","4015","","3","7","6.12E-5","0.0019644413723169"
"49057","","4025","","3","7","0.00025678134990721","0.0084925052026413"
"49005","","4001","","7","7","6.15E-8","2.35E-7"
"49005","","4025","","7","7","7.36E-6","2.81E-5"
"49053","","4001","","7","7","5.28E-8","1.39E-6"
"49053","","4005","","7","7","3.16E-6","7.72E-5"
"49053","","4025","","7","7","8.01E-6","0.00019589992784079"
"50003","","4005","","7","7","1.19E-5","0.00028734658844601"
"50003","","4025","","7","7","3.01E-5","0.00072948348065551"
"50007","","4005","","7","7","0.00095703706857225","0.023175020706657"
"50007","","4025","","7","7","0.0024296190035665","0.05883415864021"
"50011","","4005","","7","7","0.0030630504414312","0.074172944535581"
"50025","","4005","","7","7","0.00015663495995129","0.003792975799436"
"51041","","4005","","6","7","0.00025760548411638","0.0023860340658079"
"51041","","4025","","6","7","0.00065398008100753","0.0060573972522218"
"51075","","4025","","6","7","3.33E-5","0.00030846237749983"
"51085","","4005","","6","7","0.002131914014735","0.019746549581348"
"51085","","4025","","6","7","0.0054122656000119","0.050130338409236"
"51087","","4005","","6","7","0.0020504048694979","0.018991582745615"
"51087","","4025","","6","7","0.0052053392700549","0.048213712782714"
"51149","","4005","","6","7","0.00036656229248049","0.0033952309676139"
"51149","","4025","","6","7","0.00093058747779763","0.0086194338247719"
"51760","","4005","","6","7","0.001310167348486","0.012135238254417"
"51760","","4025","","6","7","0.0033261067854797","0.030807589845736"
"53033","","4001","","3","7","0.0025082071567798","0.022675724958516"
"53035","","4001","","3","7","8.07E-5","0.00073001767218881"
"53045","","4001","","3","7","0.00027663858382201","0.0025009817959834"
"53053","","4001","","3","7","0.00039436599517027","0.0035653095141287"
"53057","","4001","","3","7","5.20E-6","4.70E-5"
"53057","","4005","","3","7","0.00024474127013024","0.0022126105941729"
"53057","","4025","","3","7","0.00062132184885223","0.0056171290785162"
"53061","","4001","","3","7","0.00016017228663038","0.0014480553202273"
"53067","","4001","","3","7","0.00017932520919254","0.0016212094406903"
"55055","","4025","","7","7","0.010087800647924","0.0098334863458759"
"55079","","4005","","7","7","0.14091564549601","0.13736315023141"
"55089","","4005","","7","7","0.0067826139625076","0.0066116236945452"
"55101","","4005","","7","7","0.0016717723517955","0.0016296268303216"
"55101","","4025","","7","7","0.0042441092502496","0.004137114899403"
"55127","","4025","","7","7","0.0026728812706791","0.0026054977092334"
"55131","","4005","","7","7","0.0085235384469528","0.0083086593264414"
"55133","","4005","","7","7","0.031623994941538","0.030826751371583"
"55133","","4025","","7","7","0.08028347239807","0.078259519312405"
