"1015","","4025","","7","7","0.00058676467680549","0.00024212289003399"
"1031","","4005","","7","7","0.0012016129652791","0.00049583421660559"
"1031","","4025","","7","7","9.74E-5","4.02E-5"
"1039","","4025","","7","7","8.14E-5","3.36E-5"
"1055","","4025","","7","7","0.003526032632615","0.0014549839912158"
"1061","","4005","","7","7","0.00011135301336058","4.59E-5"
"1061","","4025","","7","7","9.02E-6","3.72E-6"
"1069","","4005","","7","7","0.0039502814867943","0.0016300462652892"
"1069","","4025","","7","7","0.00032014628371864","0.00013210533372529"
"1081","","4005","","7","7","0.00010713993010042","4.42E-5"
"1081","","4025","","7","7","8.68E-6","3.58E-6"
"1083","","4015","","7","7","2.00E-6","8.25E-7"
"1089","","4015","","7","7","2.35E-6","9.71E-7"
"1089","","4025","","7","7","0.00012990889046803","5.36E-5"
"1101","","4025","","7","7","0.0063202321738574","0.0026079839842292"
"1103","","4015","","7","7","6.68E-5","2.76E-5"
"1103","","4025","","7","7","0.003688317560081","0.001521949330474"
"1109","","4005","","7","7","0.00065741520346811","0.00027127616113938"
"1109","","4025","","7","7","5.33E-5","2.20E-5"
"1125","","4015","","7","7","9.73E-6","4.02E-6"
"4013","","4001","","2","7","0.000550523981269","0.0001568875912072"
"4013","","4001","","3","7","0.00081020465824468","0.0026618871011468"
"4013","","4001","","4","7","0.0077645735837207","0.014149911703251"
"4013","","4001","","5","7","0.00026690711045845","0.00089853274214529"
"4013","","4001","","6","7","0.00048580944041236","0.0021970783246268"
"4013","","4001","","7","7","0.0031904608383062","0.0044260755256432"
"4013","","4001","","43","7","0.0084446436728062","0.022417816243917"
"4013","","4005","","2","7","1.921287508739","0.5415823501243"
"4013","","4005","","3","7","5.1951437696206","16.043859792024"
"4013","","4005","","4","7","2.2918727100449","1.2123347969707"
"4013","","4005","","5","7","2.7412360148738","8.8384439220561"
"4013","","4005","","6","7","2.1316528587425","8.7759352203881"
"4013","","4005","","7","7","20.420530869917","23.544752719684"
"4013","","4005","","43","7","69.393080233583","203.95374811678"
"4013","","4015","","3","7","0.1873794504298","0.74669220563025"
"4013","","4015","","4","7","0.07143094582216","0.063766076023881"
"4013","","4015","","5","7","0.010396048788765","0.025961192552726"
"4013","","4015","","6","7","0.0059513250639379","0.01529405792038"
"4013","","4015","","7","7","0.052200405458477","0.10177241484931"
"4013","","4015","","43","7","0.2748021725971","0.82891751024122"
"4013","","4025","","2","7","5.2270333807669","1.4694829948649"
"4013","","4025","","3","7","1.2575906851422","6.2961899589545"
"4013","","4025","","4","7","3.9541497816977","2.579002219637"
"4013","","4025","","5","7","0.22284822328765","0.71930529224565"
"4013","","4025","","6","7","0.15591831125723","0.65947545354931"
"4013","","4025","","7","7","1.7363713491127","1.931189487742"
"4013","","4025","","43","7","5.3693813106477","15.873190059138"
"4021","","4001","","3","7","4.34E-5","0.00014975360674722"
"4021","","4001","","4","7","2.50E-5","2.99E-5"
"4021","","4001","","5","7","1.23E-5","4.14E-5"
"4021","","4001","","6","7","3.69E-5","0.00013529092611042"
"4021","","4001","","7","7","0.00020631579172585","0.0002269667620264"
"4021","","4001","","43","7","0.00036264429623244","0.00098951516538094"
"4021","","4005","","2","7","0.092999549702637","0.026038396649076"
"4021","","4005","","3","7","0.16638475112023","0.56140995292283"
"4021","","4005","","4","7","0.20531692409969","0.12874581888901"
"4021","","4005","","5","7","0.062721933982786","0.17293032195857"
"4021","","4005","","6","7","0.24444806359854","0.83407474870859"
"4021","","4005","","7","7","2.6477193797911","2.0066349913062"
"4021","","4005","","43","7","2.0532440510716","6.1175623431435"
"4021","","4015","","6","7","0.00012396623306248","0.0004293584669667"
"4021","","4015","","7","7","0.00026435298064911","0.00014796549087527"
"4021","","4015","","43","7","0.0011115519755244","0.0026020908147241"
"4021","","4025","","2","7","0.23130119518009","0.064760660506012"
"4021","","4025","","3","7","0.096513439326452","0.48398454122834"
"4021","","4025","","4","7","0.01592777563767","0.012025602906655"
"4021","","4025","","5","7","0.015529481714717","0.053999743729346"
"4021","","4025","","6","7","0.018875834034095","0.069300723440503"
"4021","","4025","","7","7","0.2241315006473","0.18070457779532"
"4021","","4025","","43","7","0.38012922543612","1.1267859874205"
"4019","","4001","","5","7","2.65E-5","7.75E-5"
"4019","","4005","","5","7","0.14645021325208","0.42788931871911"
"4019","","4005","","7","7","5.11E-7","3.40E-5"
"4019","","4025","","5","7","0.011547691866586","0.033739343192809"
"4019","","4025","","7","7","2.99E-6","0.00019936993413092"
"4023","","4001","","3","7","7.54E-7","9.04E-7"
"4023","","4001","","5","7","8.67E-5","0.00025336309887107"
"4023","","4015","","3","7","0.0012705451128576","0.0015246541354291"
"4023","","4025","","3","7","0.0030615919858804","0.0036739103830565"
"4023","","4025","","5","7","0.082089783279927","0.23984493201787"
"4003","","4001","","7","7","2.96E-5","1.51E-5"
"4003","","4005","","7","7","0.12309136243927","0.062342771132541"
"4003","","4025","","7","7","0.010317265832585","0.0052203445196335"
"4005","","4001","","6","7","0.00015280122799156","0.0010779294548909"
"4005","","4001","","7","7","0.00015747172910953","9.21E-5"
"4005","","4005","","3","7","0.072501821085595","0.57897332862203"
"4005","","4005","","4","7","0.0016204463999416","0.0048937481278236"
"4005","","4005","","6","7","0.00064994681114359","0.0042434971107425"
"4005","","4005","","7","7","101.20534563626","63.151381095458"
"4005","","4015","","7","7","0.011436939708285","0.0065882739255046"
"4005","","4025","","3","7","0.0070763110989798","0.056827719770573"
"4005","","4025","","6","7","0.0031685308309466","0.020813984215452"
"4005","","4025","","7","7","1.7787325569015","1.6635244605946"
"4007","","4001","","7","7","2.66E-5","1.54E-5"
"4007","","4005","","3","7","0.0080908003158811","0.064697599373151"
"4007","","4005","","7","7","1.5937673101724","1.4681021796852"
"4007","","4025","","3","7","0.00067950648860649","0.0054336328737501"
"4007","","4025","","7","7","0.10346372235033","0.083155127282736"
"4009","","4001","","3","7","5.84E-9","7.05E-9"
"4012","","4025","","3","7","3.65E-5","4.40E-5"
"4015","","4001","","6","7","7.57E-5","0.00017565043536499"
"4015","","4005","","6","7","0.0016424398407158","0.0038334804156203"
"4015","","4005","","7","7","0.39715968454856","0.25474147865784"
"4015","","4015","","3","7","0.00062572513174105","0.0036936260046168"
"4015","","4015","","6","7","0.0037074663039283","0.0097799615818152"
"4015","","4015","","7","7","3.2045198305851","1.8167176440798"
"4015","","4025","","3","7","0.033676721252759","0.26910084455428"
"4015","","4025","","6","7","0.02028104639292","0.059965396775695"
"4015","","4025","","7","7","6.7030199501605","7.0879022314038"
"4017","","4001","","3","7","2.15E-7","1.84E-6"
"4017","","4001","","7","7","3.81E-6","8.20E-5"
"4017","","4005","","3","7","8.35E-5","0.00057497403101529"
"4017","","4005","","7","7","0.00012070173630304","0.0024380299285034"
"4017","","4025","","3","7","1.43E-5","1.73E-5"
"4017","","4025","","7","7","0.00025757802376842","0.005176507276796"
"4025","","4001","","7","7","9.72E-5","5.43E-5"
"4025","","4005","","2","7","0.71072719403743","0.21950851620337"
"4025","","4005","","3","7","0.082407731613054","0.47432164299449"
"4025","","4005","","6","7","0.0025721314956569","0.016116505642034"
"4025","","4005","","7","7","12.602212709638","11.463648737078"
"4025","","4015","","6","7","0.008121697528817","0.057294153359229"
"4025","","4015","","7","7","0.0082188616409611","0.0050233712363621"
"4025","","4025","","2","7","5.6434909143544","1.8085526212294"
"4025","","4025","","3","7","0.12804868985829","0.19370252511631"
"4025","","4025","","6","7","0.012448064136938","0.079163006423062"
"4025","","4025","","7","7","6.1316011725267","6.6867612595281"
"4027","","4001","","6","7","0.00023171073800994","0.00053776426549848"
"4027","","4015","","7","7","0.006193607931374","0.003133850357833"
"4027","","4025","","6","7","0.088332475160472","0.20637752402106"
"4027","","4025","","7","7","1.3722563892472","2.9363793483239"
"5003","","4005","","7","7","4.76E-5","0.0014427646156438"
"5003","","4025","","7","7","0.0001584534767164","0.0048064221270641"
"5007","","4005","","5","7","0.082514050910847","0.041032178381976"
"5007","","4025","","5","7","0.0063901735294781","0.0031776738295957"
"5009","","4025","","7","7","0.00010751984355888","0.0032614352546195"
"5021","","4005","","7","7","0.00011092819632728","0.0033648219552607"
"5023","","4025","","7","7","0.00015060236460665","0.0045682717264018"
"5031","","4005","","7","7","0.00023715170184652","0.0071936016226777"
"5033","","4005","","5","7","0.069938586081465","0.034778713542721"
"5033","","4025","","5","7","0.0056680969438176","0.0028186031629491"
"5037","","4005","","7","7","6.92E-5","0.0020987401721463"
"5037","","4025","","7","7","0.00016889887755521","0.0051232659525079"
"5041","","4005","","7","7","5.65E-5","0.0017150838586447"
"5041","","4025","","7","7","0.00018836128729228","0.0057136257145325"
"5045","","4001","","5","7","2.67E-8","1.33E-8"
"5045","","4025","","7","7","0.00012797959103499","0.0038820475947279"
"5051","","4015","","7","7","8.35E-5","0.0025342628810557"
"5051","","4025","","7","7","0.00020131790829539","0.0061066432182935"
"5063","","4001","","5","7","6.11E-6","3.04E-6"
"5069","","4005","","7","7","9.05E-5","0.0027459241625353"
"5069","","4025","","7","7","0.00030157464747576","0.0091477643067647"
"5085","","4025","","7","7","0.00055790936880016","0.016923250853605"
"5091","","4005","","5","7","0.0051840127455235","0.002577880171446"
"5095","","4005","","7","7","0.00012364458832528","0.0037505525125336"
"5095","","4025","","7","7","0.00041190924616153","0.0124945804669"
"5107","","4005","","7","7","7.67E-5","0.0023252789357956"
"5107","","4025","","7","7","0.00019156565944105","0.0058108250030453"
"5115","","4025","","7","7","0.00014470207782864","0.0043892963608022"
"5119","","4001","","5","7","4.16E-6","2.07E-6"
"5119","","4025","","7","7","0.0019463577636643","0.05903951883115"
"5123","","4005","","7","7","8.20E-5","0.0024871766184838"
"5123","","4025","","7","7","0.00020015881180464","0.006071483958074"
"5125","","4001","","5","7","2.84E-8","1.41E-8"
"5125","","4025","","7","7","0.00010257571177374","0.0031114632571369"
"5131","","4005","","5","7","0.091178302373105","0.045340694417987"
"5131","","4025","","5","7","0.007389446741481","0.0036745874610878"
"5143","","4005","","5","7","0.095947289220034","0.047712192567022"
"5143","","4025","","5","7","0.0074304899714775","0.0036949972351323"
"5145","","4001","","5","7","3.27E-6","1.63E-6"
"5145","","4025","","7","7","0.00024911056728742","0.0075563538743852"
"6037","","4001","","5","7","1.13E-5","4.53E-5"
"6037","","4001","","43","7","0.0002629926235718","0.00084008195793563"
"6037","","4005","","6","7","0.18581582856971","0.9290887467264"
"6037","","4005","","7","7","0.0725861006806","0.26496727755513"
"6037","","4015","","3","7","0.029452589860932","23.237776818157"
"6037","","4015","","6","7","0.0039974519500747","0.016142814961137"
"6037","","4015","","7","7","0.0014107007561141","0.0045784741873245"
"6037","","4015","","43","7","0.013140832272981","0.028685980860892"
"6037","","4025","","3","7","0.065390909055625","55.986236573178"
"6037","","4025","","6","7","0.015059242530327","0.075296990987509"
"6037","","4025","","7","7","0.24942346446706","0.49273106247281"
"6059","","4001","","5","7","2.54E-6","1.02E-5"
"6059","","4001","","43","7","4.60E-5","0.00014701741033639"
"6059","","4005","","6","7","0.021782923483007","0.10891574326388"
"6059","","4005","","7","7","0.058559939692135","0.092625225813795"
"6059","","4015","","3","7","0.00053203434030685","0.00078913180258531"
"6059","","4015","","6","7","0.00072779624077221","0.0034371412322412"
"6059","","4015","","7","7","0.0003163694501049","0.0010267871160382"
"6059","","4015","","43","7","0.0048477510714123","0.011365685229329"
"6059","","4025","","3","7","0.024744207112418","21.185437749965"
"6059","","4025","","7","7","0.01517636485957","0.12156590210531"
"6065","","4001","","5","7","5.17E-7","2.07E-6"
"6065","","4001","","6","7","6.32E-7","3.16E-6"
"6065","","4001","","7","7","1.71E-7","5.37E-7"
"6065","","4001","","43","7","4.50E-5","0.00014380413173791"
"6065","","4005","","3","7","0.0016291795698083","1.3948671785231"
"6065","","4005","","7","7","0.020400812660126","0.033082903834845"
"6065","","4015","","3","7","0.0005781284826517","0.00085750023462344"
"6065","","4015","","6","7","0.00024062920152204","0.00097172717094047"
"6065","","4015","","7","7","0.20082343567734","0.61657549850879"
"6065","","4015","","43","7","0.013138694829983","0.032023614621951"
"6065","","4025","","3","7","0.01723475489224","4.6643697477631"
"6065","","4025","","6","7","0.0132835660632","0.053642708320301"
"6065","","4025","","7","7","0.53876786379407","1.6512305739018"
"6065","","4025","","43","7","0.14080302892875","0.33238724372104"
"6071","","4001","","5","7","1.66E-6","6.63E-6"
"6071","","4001","","6","7","1.64E-6","8.22E-6"
"6071","","4001","","7","7","1.14E-6","6.37E-6"
"6071","","4001","","43","7","3.94E-5","0.00012577690687727"
"6071","","4005","","3","7","0.0016985521393982","1.4542624239606"
"6071","","4005","","6","7","0.0043780201652559","0.021890499734723"
"6071","","4005","","7","7","0.022753945591569","0.044505128709739"
"6071","","4015","","3","7","0.00026727142614049","0.00039642625731291"
"6071","","4015","","6","7","0.00034506216707824","0.0013869100257125"
"6071","","4015","","7","7","0.36620227981058","0.77422036832396"
"6071","","4015","","43","7","0.0090019413826867","0.022032544085084"
"6071","","4025","","3","7","0.0076592388700791","4.8476933827356"
"6071","","4025","","6","7","0.0072677039243217","0.028860542360233"
"6071","","4025","","7","7","0.94077901742191","2.0436597031458"
"6071","","4025","","43","7","0.067384928799773","0.16492680315678"
"6111","","4005","","5","7","0.003940105855266","0.015760198503502"
"6111","","4005","","7","7","8.78E-7","2.81E-6"
"6111","","4005","","43","7","0.079930348524812","0.25532291657172"
"6111","","4015","","3","7","0.0012619223894596","1.0804297792095"
"6111","","4015","","7","7","6.97E-5","0.0014762275799815"
"6111","","4025","","6","7","0.0077345451113187","0.038673125316006"
"6111","","4025","","7","7","0.013499993973132","0.031714975952109"
"6111","","4025","","43","7","0.0080110945594284","0.025589980096361"
"6017","","4001","","3","7","8.21E-10","5.84E-9"
"6017","","4005","","3","7","0.00010357035060375","0.00076633996011173"
"6017","","4025","","3","7","0.00022041325557609","0.0016308864892475"
"6057","","4001","","3","7","1.69E-9","1.20E-8"
"6057","","4005","","3","7","6.02E-5","0.00044511637029686"
"6057","","4025","","3","7","0.00012986279208999","0.00096088355721603"
"6061","","4001","","3","7","1.73E-9","1.23E-8"
"6061","","4005","","3","7","4.80E-5","0.00035520665278081"
"6061","","4025","","3","7","0.00010216386827889","0.00075593308591996"
"6067","","4001","","3","7","1.36E-7","9.66E-7"
"6067","","4005","","3","7","0.00087286760824128","0.0064585407327784"
"6067","","4025","","3","7","0.0018842805799889","0.013942209291467"
"6101","","4025","","3","7","0.0015741855735267","0.011647747667094"
"6113","","4001","","3","7","3.26E-8","2.32E-7"
"6113","","4005","","3","7","0.0006273348019622","0.0046417891250724"
"6113","","4025","","3","7","0.0013542429267943","0.010020343316899"
"6115","","4001","","3","7","1.05E-9","7.48E-9"
"6073","","4015","","6","7","3.01E-6","0.00010728614939393"
"6073","","4025","","6","7","0.0001661944920517","0.005922567353115"
"6001","","4005","","3","7","0.060314422932561","0.17612562298253"
"6001","","4005","","7","7","0.017148648604365","0.10836723406176"
"6001","","4015","","6","7","0.0039452893635305","0.015123609226867"
"6001","","4025","","3","7","0.13020221480558","0.38020667497687"
"6001","","4025","","6","7","0.0095066990548246","0.036442346376828"
"6001","","4025","","7","7","0.0012982712548275","0.0081082173813146"
"6013","","4005","","3","7","0.0042904604705149","0.01252867865612"
"6013","","4005","","7","7","0.003882768943388","0.024536331731046"
"6013","","4015","","6","7","0.000280647766089","0.0010758164366745"
"6013","","4025","","3","7","0.0092619215875023","0.027045963971804"
"6013","","4025","","6","7","0.00067625809079551","0.0025923226813828"
"6013","","4025","","7","7","0.00029395245215149","0.0018358493057227"
"6041","","4005","","7","7","0.00015381158890659","0.00053238821547905"
"6041","","4015","","6","7","0.0014473962926675","0.0055483524552256"
"6041","","4025","","7","7","1.13E-5","3.93E-5"
"6055","","4025","","7","7","6.29E-5","0.00021778232333769"
"6075","","4025","","7","7","0.0011041199016661","0.0052974095029794"
"6077","","4005","","3","7","0.072447734197065","0.21155640224558"
"6077","","4005","","7","7","0.013074654676099","0.096327014044248"
"6077","","4025","","3","7","0.24135218518999","0.70477842459525"
"6077","","4025","","6","7","0.0041284733447703","0.015825814488286"
"6077","","4025","","7","7","0.0038310866497621","0.017399594711655"
"6081","","4005","","7","7","0.0013262048176035","0.0045903941388473"
"6081","","4025","","7","7","0.00086059298164082","0.0059205482299997"
"6085","","4005","","7","7","0.0049626886083869","0.031360654148794"
"6085","","4025","","7","7","0.00037570983670913","0.0023464565028367"
"6087","","4005","","7","7","0.0027279040273655","0.017826711095013"
"6087","","4025","","7","7","0.00022108002673271","0.0014447464888447"
"6095","","4005","","7","7","0.0034635215605013","0.022633933456242"
"6095","","4025","","7","7","0.0002554331655818","0.001669242466462"
"6097","","4025","","3","7","0.08153183903917","0.23808311918596"
"6097","","4025","","7","7","0.0040516915226741","0.02888418964806"
"6019","","4005","","2","7","1.8003688182329","0.58438174244084"
"6019","","4005","","7","7","0.30155087030512","0.22678255968073"
"6019","","4025","","2","7","3.8865000476409","1.2615191103265"
"6019","","4025","","7","7","0.022239241777619","0.016725112318806"
"6039","","4005","","2","7","0.032323717482767","0.010491955955605"
"6039","","4005","","7","7","0.017326661784538","0.013030586535014"
"6039","","4025","","2","7","0.069777996744028","0.022649241037916"
"6039","","4025","","7","7","0.0012778335550332","0.00096099992735269"
"6005","","4005","","7","7","0.0025037680615378","0.0037298816922999"
"6005","","4025","","7","7","0.00022087836866648","0.00032904412999347"
"6007","","4015","","3","7","0.00025923399250427","0.008333885633857"
"6007","","4015","","7","7","0.0031721568186296","0.0050593488482322"
"6007","","4025","","3","7","0.00026481112021632","0.00067406466964155"
"6007","","4025","","7","7","0.032161190366244","0.048532298103865"
"6009","","4005","","3","7","8.98E-6","0.00017716879001967"
"6009","","4025","","3","7","2.29E-5","0.00057236382100195"
"6011","","4015","","3","7","0.00080964827548551","0.002060922883054"
"6011","","4015","","7","7","0.0016060427990799","0.003097173608302"
"6021","","4015","","3","7","0.00055917246173901","0.0014233480844266"
"6025","","4005","","7","7","0.085139887064481","0.079534653876335"
"6025","","4025","","7","7","0.0058772171435096","0.0054902871894941"
"6027","","4001","","3","7","1.14E-8","1.50E-7"
"6027","","4001","","7","7","2.02E-7","3.89E-7"
"6027","","4005","","7","7","0.0033710609531651","0.0031491252261464"
"6027","","4025","","7","7","0.00024861423715565","0.0002322465765773"
"6029","","4001","","3","7","6.02E-7","1.16E-5"
"6029","","4001","","7","7","4.00E-5","6.69E-5"
"6029","","4005","","3","7","0.00012704629266943","0.0068519445344637"
"6029","","4005","","6","7","0.0077389762152195","0.012573064510113"
"6029","","4005","","7","7","0.14855472507335","0.28660044298147"
"6029","","4015","","7","7","0.0020053903487826","0.0018733643275398"
"6029","","4025","","6","7","0.036918558023357","0.059979433808721"
"6029","","4025","","7","7","0.044595110414144","0.043358874764369"
"6031","","4005","","3","7","7.37E-5","0.0039726649308185"
"6031","","4005","","7","7","0.19391073895217","0.37395067044924"
"6031","","4025","","3","7","0.0010767370384527","0.014944412625424"
"6031","","4025","","7","7","0.013519279519686","0.026102137652143"
"6033","","4015","","7","7","0.00036223038850843","0.00043612250843177"
"6033","","4025","","7","7","0.00081780914735683","0.0023248105731983"
"6047","","4005","","3","7","0.00015410579719363","0.0027279296451585"
"6047","","4005","","7","7","0.3530817959457","0.62149672218736"
"6047","","4025","","3","7","0.00033267194036534","0.0058888482118212"
"6047","","4025","","7","7","0.027411514597502","0.047878819998459"
"6049","","4015","","7","7","8.71E-5","0.00012977386578274"
"6049","","4025","","7","7","0.0017791513641541","0.0026504148698633"
"6053","","4005","","7","7","0.29493743476098","0.43937046533503"
"6053","","4015","","7","7","0.00010990188321985","0.00076931318253892"
"6053","","4025","","3","7","0.0019007822544528","0.029864455253674"
"6053","","4025","","7","7","0.043324133709507","0.070579028371251"
"6079","","4005","","3","7","0.00058726609553318","0.010395589398811"
"6079","","4005","","7","7","0.06049228134657","0.099300667459678"
"6079","","4025","","3","7","0.0019564166777029","0.034631838325215"
"6079","","4025","","7","7","0.0051322685177251","0.0090372453698717"
"6083","","4005","","3","7","0.00054360902374303","0.010788629361471"
"6083","","4005","","7","7","0.098591265319107","0.11666515030306"
"6083","","4025","","3","7","0.001772274952553","0.035842694691701"
"6083","","4025","","7","7","0.0023430600958218","0.0084115410441759"
"6089","","4015","","7","7","0.00055827124355066","0.0015870143956128"
"6099","","4005","","3","7","0.00034583900553643","0.00088031746863819"
"6099","","4005","","7","7","0.17078775059116","0.25442376791394"
"6099","","4025","","3","7","0.0011883030299232","0.025724141384523"
"6099","","4025","","7","7","0.092959833577521","0.17281325855675"
"6103","","4015","","7","7","0.00033721344924544","0.00050234935498192"
"6107","","4001","","3","7","1.13E-6","2.34E-5"
"6107","","4001","","7","7","6.02E-5","0.00010914946867411"
"6107","","4005","","3","7","0.00075476085139226","0.015255539769289"
"6107","","4005","","7","7","0.25416026511175","0.49016104244322"
"6107","","4015","","7","7","0.028260403525597","0.026399863686824"
"6107","","4025","","7","7","6.92E-5","0.00048442527431152"
"6109","","4001","","7","7","9.89E-7","1.47E-6"
"6109","","4005","","3","7","2.67E-6","4.73E-5"
"6109","","4005","","7","7","0.0041630373305117","0.0062017073234409"
"6109","","4025","","3","7","5.76E-6","0.00010203891850878"
"6109","","4025","","7","7","0.00034911717385832","0.00052008242106971"
"8001","","4001","","4","7","0.0001121218206876","0.00011821648876425"
"8001","","4005","","7","7","0.00031147163813919","0.0040580934114785"
"8005","","4001","","4","7","1.13E-5","1.20E-5"
"8005","","4001","","7","7","4.78E-9","6.23E-8"
"8005","","4005","","4","7","0.071521937883027","0.075409695581953"
"8005","","4005","","7","7","3.02E-5","0.00039319323102053"
"8013","","4001","","4","7","5.82E-5","6.14E-5"
"8013","","4005","","4","7","0.36732955648694","0.38729669319415"
"8013","","4005","","7","7","0.00021835833853164","0.0028449413250932"
"8031","","4001","","4","7","0.00023925749118949","0.00025226294351544"
"8031","","4001","","7","7","7.95E-8","1.04E-6"
"8031","","4005","","3","7","9.91E-5","0.023848079464938"
"8031","","4005","","4","7","1.5096591275092","1.5917205071286"
"8031","","4005","","7","7","0.00050139637445051","0.0065325797746874"
"8031","","4025","","3","7","0.00033018432037791","0.079447427241701"
"8035","","4005","","4","7","0.017233066686169","0.018169814062825"
"8035","","4005","","7","7","6.79E-6","8.84E-5"
"8035","","4025","","4","7","0.0012009367644489","0.001266216751123"
"8035","","4025","","7","7","5.50E-7","7.17E-6"
"8059","","4001","","4","7","2.14E-6","2.26E-6"
"8059","","4005","","4","7","0.016079230107679","0.016953257748627"
"8059","","4025","","4","7","0.0011203351970752","0.0011812338795875"
"8059","","4025","","7","7","8.31E-6","0.00010824658062561"
"8123","","4001","","3","7","8.03E-7","0.00019315437629009"
"8123","","4001","","4","7","0.00012781647034014","0.00013476426120435"
"8123","","4001","","7","7","4.25E-8","5.53E-7"
"8123","","4005","","3","7","0.00052167638185297","0.12552336326431"
"8123","","4005","","4","7","0.80649220275483","0.8503311473247"
"8123","","4005","","7","7","0.00026785666983714","0.0034898438701534"
"8029","","4001","","6","7","8.57E-7","6.08E-7"
"8041","","4015","","4","7","0.00024533227052776","0.0020004015904571"
"8041","","4025","","4","7","0.00065392473792206","0.0053320017092106"
"8051","","4001","","6","7","1.18E-6","8.55E-7"
"8063","","4005","","4","7","0.00011238124429635","0.0009163393765702"
"8063","","4025","","4","7","0.0014743063605331","0.0095224803245421"
"8067","","4001","","6","7","0.00024913823037556","0.00017925350408185"
"8069","","4015","","4","7","0.0020993150805039","0.013829105072911"
"8069","","4025","","4","7","0.0053990085201864","0.035270197834588"
"8075","","4001","","4","7","1.18E-7","7.99E-7"
"8075","","4005","","4","7","8.03E-5","0.00053926459034164"
"8075","","4025","","4","7","0.00016256873155137","0.0009542629037442"
"8077","","4001","","6","7","5.07E-5","3.65E-5"
"8083","","4001","","6","7","4.49E-5","3.22E-5"
"8083","","4005","","6","7","0.00046712019997512","0.00033163659582327"
"8085","","4001","","6","7","0.00014484840527353","0.00010445485666858"
"8087","","4005","","4","7","7.67E-5","0.00062565946587774"
"8087","","4015","","4","7","0.00025050992247311","0.0014704692824671"
"8087","","4025","","4","7","0.00091760258873247","0.005979196143117"
"8089","","4015","","4","7","8.10E-5","0.00052368674316649"
"8089","","4025","","4","7","0.00020059795704961","0.0013058896589048"
"8125","","4001","","4","7","1.26E-7","1.03E-6"
"8125","","4005","","4","7","0.00021529658911624","0.0014458866447559"
"8125","","4025","","4","7","0.0004312041293052","0.0025176650430951"
"10005","","4005","","7","7","0.0035114647114602","0.034013011126693"
"10005","","4025","","7","7","0.00033137276437475","0.0032097675608064"
"16001","","4001","","3","7","5.56E-9","2.09E-5"
"16001","","4005","","7","7","6.36E-5","0.0039431362900356"
"16001","","4025","","7","7","0.00043359450814701","0.029773489559428"
"16015","","4001","","3","7","1.34E-10","5.04E-7"
"16027","","4001","","3","7","1.74E-8","6.53E-5"
"16049","","4001","","3","7","3.72E-10","1.40E-6"
"16049","","4005","","3","7","2.60E-7","0.00097648462901026"
"16049","","4025","","3","7","8.37E-7","0.0031489049143462"
"16059","","4001","","3","7","8.43E-11","3.17E-7"
"16059","","4005","","3","7","5.88E-8","0.00022115494824467"
"16059","","4025","","3","7","1.90E-7","0.00071316627284289"
"16061","","4001","","3","7","1.08E-9","4.07E-6"
"16061","","4005","","3","7","9.49E-7","0.0035689948251198"
"16061","","4015","","3","7","1.76E-6","0.0066325222236114"
"16061","","4025","","3","7","3.92E-6","0.014736369218134"
"16087","","4001","","3","7","2.05E-9","7.72E-6"
"16087","","4025","","3","7","4.92E-6","0.01851731114954"
"17031","","4015","","6","7","0.0050842827279122","0.01090148088429"
"17031","","4025","","6","7","0.28067003120575","0.60179953470824"
"17043","","4015","","6","7","0.0037216754220051","0.0079798421216403"
"17091","","4015","","6","7","0.00064493512175788","0.0013828396801879"
"17097","","4025","","6","7","0.023734471416028","0.050890341919835"
"17197","","4015","","6","7","0.0012461409759509","0.0026719171130827"
"19001","","4005","","7","7","0.0049504979076563","0.0020393147277611"
"19001","","4025","","4","7","0.0021916391802276","0.00099719288026189"
"19007","","4001","","7","7","6.24E-6","2.57E-6"
"19007","","4005","","4","7","0.00092119601509025","0.00041914294828321"
"19011","","4001","","4","7","9.91E-6","5.36E-6"
"19011","","4001","","7","7","9.78E-5","4.03E-5"
"19011","","4015","","3","7","0.0022920002865989","0.0004377872741732"
"19011","","4015","","4","7","0.0081493924474715","0.0015669856756658"
"19011","","4025","","3","7","0.0039431852167036","0.00075317456008803"
"19011","","4025","","4","7","0.010122703535141","0.0050786809952222"
"19013","","4001","","4","7","1.79E-5","8.14E-6"
"19013","","4001","","7","7","0.00017666065895611","7.28E-5"
"19013","","4025","","4","7","0.18566851653185","0.093152107344439"
"19013","","4025","","5","7","0.00091937053786912","0.0034329436963911"
"19017","","4001","","7","7","7.41E-5","3.05E-5"
"19019","","4001","","4","7","2.11E-5","2.18E-5"
"19019","","4001","","7","7","0.0001903107481051","7.84E-5"
"19019","","4015","","3","7","0.011249488763079","0.0021487270530575"
"19019","","4015","","4","7","0.014525659316162","0.0026718631368979"
"19019","","4025","","3","7","0.019353757521502","0.0036966962002087"
"19019","","4025","","4","7","0.032439381984855","0.0083340887728674"
"19021","","4005","","7","7","0.062764285181369","0.025855203564436"
"19021","","4025","","4","7","0.041643511828386","0.018947741890641"
"19023","","4001","","4","7","2.27E-5","1.03E-5"
"19023","","4001","","7","7","0.00022632302227668","9.32E-5"
"19025","","4005","","7","7","0.093450407562333","0.038496085850761"
"19025","","4025","","4","7","0.045513067710701","0.02070838461433"
"19027","","4005","","7","7","0.1071772683362","0.044150747233159"
"19027","","4025","","4","7","0.071111107675252","0.032355458380668"
"19031","","4001","","4","7","3.69E-5","1.68E-5"
"19031","","4025","","4","7","0.0024146035706001","0.0012114353860538"
"19033","","4001","","4","7","0.0021494650237044","0.00038880103557579"
"19033","","4001","","7","7","0.00025835350933514","0.00010642649009933"
"19033","","4015","","4","7","0.00097498345903386","0.00048916082021583"
"19033","","4015","","5","7","2.53E-5","9.43E-5"
"19033","","4025","","4","7","0.046135335569892","0.023146647647401"
"19033","","4025","","5","7","7.14E-5","0.00026657334693224"
"19035","","4005","","7","7","0.01758045563155","0.0072421164010035"
"19035","","4015","","4","7","0.0048412177953205","0.0022027475876705"
"19035","","4025","","4","7","0.012885555852804","0.0058629105879091"
"19035","","4025","","7","7","0.058467907282426","0.024085347907737"
"19041","","4005","","7","7","0.028274820706885","0.011647567450373"
"19041","","4025","","4","7","0.015276607655722","0.0069508359433774"
"19043","","4001","","4","7","1.54E-5","7.03E-6"
"19043","","4025","","4","7","0.0066549417865834","0.0033388636008651"
"19045","","4001","","4","7","4.01E-5","0.00016551695078657"
"19045","","4005","","4","7","0.16932139324803","0.084950560785276"
"19045","","4005","","5","7","2.35E-6","8.77E-6"
"19045","","4025","","3","7","0.17806425385068","0.034011454874924"
"19045","","4025","","4","7","0.3234097345234","0.063596184565587"
"19045","","4025","","5","7","1.48E-5","5.52E-5"
"19047","","4005","","7","7","0.038973680045401","0.016054869872526"
"19047","","4015","","4","7","0.012528170113509","0.0057003005570485"
"19047","","4025","","4","7","0.033393406992466","0.015193955282875"
"19047","","4025","","7","7","0.12961606679067","0.053394215873092"
"19049","","4001","","4","7","9.84E-5","1.73E-5"
"19049","","4025","","4","7","0.0057350513937171","0.0026913585469555"
"19053","","4025","","4","7","0.0044235599190031","0.002012713815503"
"19055","","4001","","4","7","2.23E-5","1.02E-5"
"19057","","4001","","4","7","1.90E-5","3.48E-5"
"19057","","4015","","4","7","0.083007994258728","0.015268566823742"
"19057","","4025","","3","7","0.066143834910555","0.012633911678878"
"19059","","4001","","7","7","3.75E-5","1.54E-5"
"19059","","4005","","7","7","0.024365888123942","0.010037316535229"
"19059","","4025","","4","7","0.015349569831762","0.0069840336353752"
"19061","","4001","","4","7","1.45E-5","1.57E-5"
"19061","","4005","","4","7","0.086695179882909","0.043496004888438"
"19061","","4005","","5","7","9.17E-5","0.00034247812417405"
"19061","","4025","","3","7","0.0088403272709264","0.0016885612106449"
"19061","","4025","","4","7","0.025762688769914","0.0068417537518925"
"19063","","4001","","7","7","2.85E-5","1.17E-5"
"19063","","4005","","4","7","0.0023282623129379","0.0010593562219501"
"19063","","4025","","4","7","0.0077431795793576","0.0035231362976102"
"19065","","4001","","4","7","9.09E-5","4.13E-5"
"19065","","4001","","7","7","0.00043867536657518","0.00018070851709264"
"19065","","4025","","4","7","0.0033250061244804","0.0016681951965474"
"19067","","4001","","4","7","2.55E-5","5.72E-5"
"19067","","4001","","7","7","0.00018735537156623","7.72E-5"
"19067","","4015","","3","7","0.12317159102779","0.023526591775277"
"19067","","4015","","4","7","1.03E-5","5.15E-6"
"19067","","4025","","3","7","0.21190590581441","0.040475435116701"
"19067","","4025","","4","7","0.00048559593044414","0.00024362926512098"
"19069","","4001","","7","7","0.00012418132737026","5.12E-5"
"19069","","4005","","4","7","0.016484534192565","0.0075004408935379"
"19071","","4015","","4","7","0.0048500968787143","0.0022067875586765"
"19071","","4025","","4","7","0.011686953012597","0.0053175479071819"
"19071","","4025","","7","7","0.051030431110128","0.021021544028114"
"19075","","4001","","4","7","2.65E-5","1.21E-5"
"19075","","4001","","7","7","0.00026487420038128","0.00010911263228818"
"19079","","4001","","7","7","6.37E-5","2.63E-5"
"19079","","4005","","4","7","0.014329792630809","0.0065200363800704"
"19081","","4001","","7","7","0.00010414619493841","4.29E-5"
"19081","","4005","","4","7","0.013824957003149","0.0062903368482555"
"19081","","4015","","4","7","0.00026326916316494","0.00013208527652244"
"19081","","4025","","4","7","0.014533370427132","0.0072915651365828"
"19083","","4005","","4","7","5.29E-5","0.00038405742610823"
"19085","","4025","","4","7","0.042714128675139","0.019434871116428"
"19085","","4025","","7","7","0.10629031633255","0.043785375038765"
"19087","","4001","","4","7","1.39E-6","1.35E-6"
"19087","","4001","","7","7","1.28E-5","5.28E-6"
"19087","","4015","","3","7","0.0019350921622758","0.00036961545247175"
"19087","","4015","","4","7","0.0024986459461913","0.00045960323386904"
"19087","","4025","","3","7","0.0033291561313754","0.00063589092748961"
"19087","","4025","","4","7","0.0042987009270485","0.00079070700293448"
"19089","","4001","","7","7","0.0001995262868627","8.22E-5"
"19091","","4001","","7","7","3.64E-5","1.50E-5"
"19091","","4005","","4","7","0.00294177592999","0.0013385040928165"
"19091","","4025","","4","7","0.0097835622651132","0.0044515076762573"
"19095","","4001","","4","7","8.21E-6","3.74E-6"
"19095","","4001","","7","7","8.10E-5","3.34E-5"
"19095","","4015","","4","7","1.71E-5","8.57E-6"
"19095","","4025","","4","7","0.00094339604664266","0.00047331303899389"
"19097","","4001","","4","7","1.23E-5","5.62E-6"
"19097","","4005","","4","7","0.0021075167218618","0.0010573662545066"
"19097","","4025","","4","7","0.00016090326392382","8.07E-5"
"19099","","4001","","7","7","0.00011227247850501","4.62E-5"
"19099","","4005","","4","7","0.010161739199634","0.0046235776729912"
"19101","","4015","","4","7","3.83E-6","1.92E-6"
"19101","","4025","","4","7","0.00021152939518304","0.00010612681834626"
"19103","","4001","","4","7","2.40E-5","0.0001430357251867"
"19103","","4001","","7","7","4.56E-5","1.88E-5"
"19103","","4015","","3","7","0.23249843060006","0.044408744090074"
"19103","","4015","","4","7","0.3002085753019","0.055220641505567"
"19103","","4025","","3","7","0.39999313255294","0.076401344368155"
"19103","","4025","","4","7","0.54062394217367","0.10711431844281"
"19103","","4025","","5","7","0.00023407879252217","0.00087405380327973"
"19105","","4001","","4","7","5.79E-6","2.63E-6"
"19107","","4001","","4","7","5.16E-6","2.35E-6"
"19107","","4001","","7","7","5.16E-5","2.12E-5"
"19107","","4015","","4","7","1.29E-5","6.48E-6"
"19107","","4025","","4","7","0.0007128299695806","0.00035763529048995"
"19109","","4001","","7","7","7.77E-5","3.20E-5"
"19109","","4005","","4","7","0.0069510191502064","0.003162704367436"
"19111","","4001","","4","7","8.40E-6","6.10E-5"
"19111","","4015","","3","7","0.10062972453184","0.01922094559114"
"19111","","4015","","4","7","0.12993595766112","0.023900539581429"
"19111","","4025","","3","7","0.17312460406527","0.033067948965449"
"19111","","4025","","4","7","0.33874654951041","0.098917570158062"
"19111","","4025","","5","7","3.32E-6","1.24E-5"
"19113","","4001","","4","7","2.75E-5","9.50E-5"
"19113","","4001","","7","7","0.00015151640127253","6.24E-5"
"19113","","4015","","3","7","0.075714803332102","0.014462030200925"
"19113","","4015","","4","7","0.097765103957602","0.017983003156949"
"19113","","4025","","3","7","0.13026067009258","0.024880652949843"
"19113","","4025","","4","7","0.47318935724044","0.18395684119743"
"19113","","4025","","5","7","0.00027104240768127","0.0010120765095004"
"19119","","4025","","4","7","0.051847819426974","0.023590688127921"
"19119","","4025","","7","7","0.32282145097545","0.13298350018354"
"19121","","4025","","4","7","0.0080389725567035","0.0036577217045977"
"19123","","4015","","4","7","0.0002250954661892","0.0001129330778361"
"19123","","4025","","4","7","0.012426050025259","0.0062342973781544"
"19125","","4001","","7","7","7.26E-5","2.99E-5"
"19125","","4005","","4","7","0.0051204298497445","0.0023297886970223"
"19125","","4015","","4","7","0.0010863600812824","0.00054503979886636"
"19125","","4025","","4","7","0.01648098386284","0.0074988254982865"
"19127","","4001","","7","7","0.00010988751947352","4.53E-5"
"19127","","4025","","5","7","0.00011784405856961","0.00044003152304767"
"19131","","4001","","4","7","9.08E-6","4.13E-6"
"19131","","4001","","7","7","9.07E-5","3.74E-5"
"19131","","4015","","4","7","0.0002131962043403","0.00010696307636372"
"19131","","4025","","4","7","0.01008825158861","0.0050613960430859"
"19133","","4015","","4","7","0.0066000455346412","0.0030030118442511"
"19133","","4025","","4","7","0.01759219460705","0.0080044248928376"
"19133","","4025","","7","7","0.072840424411419","0.030005981832422"
"19137","","4015","","4","7","0.0090533396174072","0.0041192573533631"
"19137","","4025","","4","7","0.02181522500717","0.0099258980468679"
"19137","","4025","","7","7","0.08002966460038","0.032967527049134"
"19141","","4005","","7","7","0.092448489414427","0.038083354349172"
"19141","","4025","","4","7","0.061338701640928","0.02790902677442"
"19145","","4015","","4","7","0.0030499763940729","0.0013877351584946"
"19145","","4025","","4","7","0.007349323466815","0.0033439322959577"
"19145","","4025","","7","7","0.026961165511499","0.011106418572599"
"19147","","4001","","4","7","0.00034198823769499","5.99E-5"
"19147","","4001","","7","7","0.00015920512659866","6.56E-5"
"19147","","4005","","4","7","0.010790333382103","0.004923947369344"
"19147","","4025","","4","7","0.036529799757112","0.016812725975958"
"19149","","4015","","4","7","0.018194946707933","0.0082786762883162"
"19149","","4025","","4","7","0.048498005304788","0.022066527206278"
"19149","","4025","","7","7","0.27917408445559","0.11500334565519"
"19151","","4001","","7","7","3.96E-5","1.63E-5"
"19151","","4005","","7","7","0.025760279766236","0.010611724092901"
"19151","","4025","","4","7","0.016342933765466","0.0074360128895953"
"19153","","4001","","4","7","0.015001871635401","0.0026291144708825"
"19153","","4001","","7","7","0.00013550248686603","5.58E-5"
"19153","","4005","","4","7","0.010993570894294","0.0053136117858624"
"19153","","4015","","5","7","0.00042280647633538","0.0015787658707152"
"19153","","4025","","4","7","0.027839401087639","0.016826273476046"
"19155","","4015","","4","7","0.011576320902948","0.0052672104460406"
"19155","","4025","","4","7","0.027894683721734","0.012692043587933"
"19155","","4025","","7","7","0.10233230148441","0.042154905109668"
"19157","","4001","","4","7","5.34E-6","2.43E-6"
"19157","","4001","","7","7","5.33E-5","2.20E-5"
"19157","","4015","","4","7","0.00010001641071431","5.02E-5"
"19157","","4025","","4","7","0.0055212525775098","0.0027700782145676"
"19161","","4005","","7","7","0.0058985804489431","0.002429869117571"
"19161","","4025","","4","7","0.0059815507061473","0.0027215975288761"
"19161","","4025","","7","7","0.018985595359254","0.0078209515393513"
"19163","","4001","","4","7","3.95E-5","4.83E-5"
"19163","","4005","","4","7","0.18332937146625","0.091978530389579"
"19163","","4005","","5","7","0.000101699566448","0.00037974774172399"
"19163","","4025","","3","7","0.049433516858313","0.0094421299703715"
"19163","","4025","","4","7","0.11384642849743","0.025648107025101"
"19165","","4025","","4","7","0.015073060182208","0.0068582221166059"
"19165","","4025","","7","7","0.072768894950302","0.029976515890562"
"19167","","4001","","4","7","0.0019416420957179","0.00034027749704778"
"19167","","4005","","4","7","0.031892662194834","0.0055892665748146"
"19167","","4005","","7","7","0.093673126142628","0.038587832840541"
"19167","","4015","","4","7","0.031246575781368","0.015157530137692"
"19167","","4025","","4","7","0.083035837871143","0.039391126935794"
"19167","","4025","","7","7","0.31694030276481","0.13056081212553"
"19169","","4001","","4","7","0.020061983281053","0.0035159113369796"
"19169","","4001","","7","7","0.00019764179698089","8.14E-5"
"19169","","4005","","4","7","0.014045298506047","0.0071696663078755"
"19169","","4015","","4","7","0.0046599231139982","0.002337938958313"
"19169","","4025","","4","7","0.044838942267356","0.020401658443995"
"19171","","4001","","4","7","1.33E-5","6.07E-6"
"19171","","4001","","7","7","0.00013162563226581","5.42E-5"
"19171","","4015","","4","7","1.70E-5","8.53E-6"
"19171","","4025","","4","7","0.00093892646425151","0.00047107059624451"
"19177","","4001","","4","7","5.29E-6","2.41E-6"
"19177","","4001","","7","7","5.23E-5","2.15E-5"
"19179","","4001","","7","7","2.01E-5","8.29E-6"
"19179","","4015","","5","7","1.97E-5","7.36E-5"
"19179","","4025","","5","7","4.61E-5","0.00017197418562883"
"19181","","4001","","7","7","8.14E-5","3.35E-5"
"19181","","4025","","4","7","0.025954651109388","0.011809331357762"
"19183","","4001","","4","7","9.39E-6","4.27E-6"
"19183","","4001","","7","7","9.27E-5","3.82E-5"
"19183","","4025","","4","7","0.0046284811167616","0.0023221641336071"
"19187","","4001","","4","7","0.015022270270372","0.0026326893812465"
"19187","","4001","","7","7","0.00014673472446951","6.04E-5"
"19187","","4005","","4","7","0.011947954156099","0.0060670927031278"
"19187","","4025","","4","7","0.030722383412281","0.02240002226509"
"19191","","4001","","4","7","3.26E-6","1.49E-6"
"19193","","4005","","4","7","0.03379902478296","0.0059233612523989"
"19193","","4015","","4","7","0.021912994535407","0.011754684849499"
"19193","","4025","","4","7","0.50939680576788","0.1086204170313"
"19193","","4025","","7","7","0.2389475072582","0.098432355654536"
"19195","","4001","","4","7","1.13E-5","5.15E-6"
"19195","","4001","","7","7","0.00011312409566728","4.66E-5"
"19197","","4001","","7","7","0.00021823216036256","8.99E-5"
"19197","","4005","","4","7","0.019752109582921","0.0089871833027712"
"20019","","4005","","7","7","0.0065533289431866","0.0021570355559788"
"20019","","4025","","7","7","0.00050032913408804","0.00016468389444148"
"20037","","4001","","7","7","1.62E-5","5.32E-6"
"20041","","4025","","7","7","0.045905301918999","0.015109781502754"
"20111","","4005","","7","7","0.51529224123668","0.1696090179058"
"20111","","4025","","7","7","0.041624638101988","0.013700796216569"
"20113","","4025","","7","7","0.13655274835002","0.044946489945978"
"20115","","4025","","7","7","0.024520936010556","0.0080710935311194"
"20131","","4005","","7","7","0.1378044140956","0.045358477126969"
"20147","","4015","","7","7","2.26E-5","7.45E-6"
"20147","","4025","","7","7","0.0012486820814024","0.00041100510458871"
"20155","","4015","","7","7","0.004165211523568","0.0013709840345875"
"20155","","4025","","7","7","0.22993411477305","0.075683071214309"
"20161","","4005","","7","7","0.0066348409688796","0.002183865330462"
"20161","","4025","","7","7","0.00050655235919796","0.00016673227595129"
"20197","","4005","","7","7","0.030859197649118","0.010157339443083"
"21001","","4001","","3","7","2.45E-7","2.79E-5"
"21009","","4001","","3","7","7.79E-7","8.89E-5"
"21027","","4001","","3","7","1.57E-7","1.56E-5"
"21035","","4005","","3","7","0.00044263449403027","0.050512406965808"
"21035","","4025","","3","7","0.0014745913527686","0.16827689555124"
"21047","","4001","","3","7","1.93E-7","1.47E-5"
"21047","","4005","","3","7","0.00087230555306138","0.09954545723171"
"21059","","4001","","3","7","1.20E-6","9.18E-5"
"21083","","4005","","3","7","7.26E-5","0.0055369144521032"
"21083","","4025","","3","7","0.0015919153423461","0.18166563318538"
"21085","","4001","","3","7","4.52E-7","4.47E-5"
"21099","","4001","","3","7","3.06E-7","3.50E-5"
"21101","","4001","","3","7","7.94E-8","6.06E-6"
"21101","","4005","","3","7","0.00037024567752948","0.042251565553364"
"21141","","4001","","3","7","9.29E-7","7.09E-5"
"21145","","4005","","3","7","2.77E-5","0.0021097130502462"
"21145","","4025","","3","7","0.00082596326586351","0.09169770301739"
"21171","","4001","","3","7","1.27E-7","1.45E-5"
"21213","","4001","","3","7","6.85E-7","6.57E-5"
"21227","","4001","","3","7","2.29E-6","0.00022679420294641"
"26049","","4005","","5","7","0.0002251474216901","0.0027055007855026"
"26049","","4025","","5","7","2.26E-5","0.00027163333088773"
"26087","","4005","","5","7","5.71E-6","6.86E-5"
"26091","","4025","","5","7","2.78E-6","3.34E-5"
"26091","","4025","","7","7","8.43E-5","0.0002747081151648"
"26093","","4005","","5","7","5.91E-5","0.00070988756333729"
"26093","","4005","","7","7","0.00016175914793737","0.0005272908131435"
"26093","","4025","","5","7","5.58E-6","6.70E-5"
"26093","","4025","","7","7","1.31E-5","4.26E-5"
"26099","","4001","","7","7","1.84E-7","5.99E-7"
"26115","","4005","","5","7","0.00015913595519955","0.0019122690749117"
"26115","","4025","","5","7","1.50E-5","0.00018059773462622"
"26125","","4005","","5","7","0.0012514485307437","0.015038124609766"
"26125","","4005","","7","7","0.0010084932038419","0.0032874134680124"
"26147","","4001","","5","7","2.02E-8","2.43E-7"
"26147","","4001","","7","7","6.45E-9","2.10E-8"
"26161","","4005","","5","7","0.00012076799175388","0.0014512175804679"
"26161","","4005","","7","7","0.00097482301424108","0.0031776578104208"
"26161","","4025","","5","7","1.14E-5","0.00013705529777202"
"26161","","4025","","7","7","7.44E-5","0.00024260567331492"
"26163","","4005","","5","7","0.0046954276848718","0.05642295698672"
"26163","","4005","","7","7","0.0067185808999496","0.021900745837735"
"27003","","4001","","6","7","4.20E-8","1.00E-7"
"27003","","4005","","3","7","0.0037494329054157","0.026546282741322"
"27003","","4005","","6","7","0.00026472263611092","0.00063336218095306"
"27003","","4025","","3","7","0.00037644452165589","0.0026652571096457"
"27003","","4025","","6","7","8.27E-6","5.17E-5"
"27009","","4001","","6","7","2.05E-7","4.91E-7"
"27009","","4005","","6","7","0.0006805950466106","0.0016283577762746"
"27009","","4025","","3","7","0.0014597318576354","0.010335017480466"
"27009","","4025","","6","7","6.94E-6","4.34E-5"
"27019","","4005","","6","7","0.0021387618832134","0.005117095050095"
"27019","","4025","","6","7","0.00014857498644079","0.00035547310509473"
"27025","","4001","","6","7","2.29E-8","5.48E-8"
"27037","","4001","","6","7","8.56E-7","2.05E-6"
"27037","","4005","","3","7","0.0045654861558021","0.032324004563051"
"27037","","4005","","6","7","0.0054011091330277","0.012922424430023"
"27037","","4025","","3","7","0.00045837658531376","0.0032453426271917"
"27037","","4025","","6","7","1.01E-5","6.29E-5"
"27049","","4005","","3","7","0.00012944752413462","0.00091649875128536"
"27049","","4005","","6","7","0.0010606114407439","0.0025375660545018"
"27049","","4025","","3","7","1.30E-5","9.20E-5"
"27049","","4025","","6","7","5.78E-7","3.61E-6"
"27053","","4005","","3","7","0.056922959329343","0.40301907273681"
"27053","","4015","","6","7","5.05E-6","3.16E-5"
"27053","","4025","","3","7","0.0057150872509336","0.040463271615147"
"27053","","4025","","6","7","9.83E-5","0.00061420805317367"
"27079","","4005","","6","7","0.0015804564541522","0.0037813213158083"
"27079","","4025","","3","7","0.00021979858248158","0.0015561914198464"
"27079","","4025","","6","7","0.00012766722002674","0.00030545022556542"
"27095","","4001","","6","7","4.93E-9","1.18E-8"
"27095","","4005","","3","7","1.91E-5","0.00013504644303834"
"27095","","4005","","6","7","3.11E-5","7.45E-5"
"27095","","4025","","3","7","1.60E-6","1.13E-5"
"27095","","4025","","6","7","2.89E-8","1.80E-7"
"27123","","4001","","6","7","9.14E-7","2.19E-6"
"27123","","4005","","6","7","0.0030332696775034","0.0072572498014767"
"27123","","4025","","3","7","0.010755023400531","0.076146419813951"
"27131","","4005","","6","7","0.0056768034779582","0.013582036974484"
"27131","","4025","","6","7","0.00039435479301579","0.00094351361652775"
"27139","","4005","","6","7","0.00072302021751256","0.0017298621249942"
"27139","","4025","","3","7","7.59E-5","0.00053702426229445"
"27139","","4025","","6","7","5.02E-5","0.00012016963822981"
"27141","","4001","","6","7","1.13E-8","2.70E-8"
"27141","","4005","","6","7","7.13E-5","0.0001705944527572"
"27143","","4025","","6","7","8.42E-5","0.00020155947067177"
"27145","","4005","","6","7","0.0036107760492348","0.0086389627538999"
"27145","","4025","","3","7","0.0019667136579291","0.013924488889825"
"27145","","4025","","6","7","0.00025162751265843","0.00060203144146071"
"27163","","4001","","6","7","7.78E-8","1.86E-7"
"27163","","4005","","3","7","0.00067456258503117","0.0047759566741651"
"27163","","4015","","6","7","4.11E-8","2.57E-7"
"27163","","4025","","6","7","7.96E-7","4.98E-6"
"27171","","4005","","6","7","0.0018920812290657","0.0045268992156729"
"27001","","4001","","6","7","5.65E-13","3.20E-12"
"27001","","4005","","6","7","3.56E-9","2.02E-8"
"27005","","4001","","7","7","7.07E-7","1.67E-6"
"27005","","4015","","6","7","5.72E-10","3.24E-9"
"27005","","4025","","6","7","3.08E-8","1.74E-7"
"27007","","4001","","6","7","1.55E-11","8.80E-11"
"27007","","4005","","6","7","9.80E-8","5.56E-7"
"27013","","4001","","7","7","2.08E-6","4.91E-6"
"27013","","4015","","6","7","4.60E-8","2.60E-7"
"27013","","4025","","6","7","2.18E-6","1.23E-5"
"27015","","4015","","6","7","5.20E-8","2.95E-7"
"27015","","4025","","6","7","2.46E-6","1.39E-5"
"27027","","4001","","7","7","3.71E-6","8.77E-6"
"27027","","4015","","6","7","1.69E-8","9.56E-8"
"27027","","4025","","6","7","8.02E-7","4.54E-6"
"27035","","4001","","7","7","3.49E-6","8.24E-6"
"27035","","4005","","6","7","6.66E-8","3.77E-7"
"27035","","4025","","6","7","4.63E-9","2.62E-8"
"27039","","4001","","4","7","0.0011893892538016","0.00021407395106919"
"27039","","4025","","6","7","1.06E-7","6.02E-7"
"27041","","4001","","7","7","6.74E-6","1.59E-5"
"27041","","4015","","6","7","1.28E-8","7.27E-8"
"27041","","4025","","6","7","6.90E-7","3.91E-6"
"27043","","4015","","6","7","1.64E-8","9.30E-8"
"27043","","4025","","6","7","7.77E-7","4.40E-6"
"27045","","4025","","6","7","1.48E-7","8.41E-7"
"27047","","4015","","6","7","4.01E-8","2.27E-7"
"27047","","4025","","6","7","1.91E-6","1.08E-5"
"27055","","4005","","6","7","1.56E-7","8.86E-7"
"27055","","4025","","6","7","1.09E-8","6.15E-8"
"27065","","4005","","6","7","4.58E-8","2.59E-7"
"27065","","4025","","6","7","3.18E-9","1.80E-8"
"27067","","4001","","7","7","1.55E-6","3.65E-6"
"27067","","4005","","4","7","0.014307329100788","0.0025751253931908"
"27067","","4025","","4","7","0.16637186341591","0.029944681301222"
"27083","","4001","","7","7","1.70E-6","4.02E-6"
"27083","","4005","","7","7","0.00598770489019","0.014152757013176"
"27093","","4015","","6","7","3.54E-9","2.01E-8"
"27093","","4025","","6","7","1.69E-7","9.55E-7"
"27099","","4025","","6","7","5.48E-6","3.11E-5"
"27103","","4001","","7","7","2.62E-6","6.20E-6"
"27109","","4001","","7","7","7.55E-6","1.78E-5"
"27109","","4025","","6","7","3.20E-6","1.81E-5"
"27111","","4001","","7","7","7.21E-7","1.70E-6"
"27111","","4015","","6","7","5.27E-8","2.99E-7"
"27111","","4025","","6","7","2.50E-6","1.42E-5"
"27119","","4005","","6","7","2.95E-6","1.67E-5"
"27119","","4015","","6","7","3.25E-8","1.84E-7"
"27119","","4025","","6","7","2.57E-7","1.46E-6"
"27135","","4001","","6","7","1.14E-12","6.47E-12"
"27135","","4005","","6","7","7.20E-9","4.08E-8"
"27137","","4001","","6","7","2.86E-10","1.62E-9"
"27147","","4025","","6","7","4.61E-7","2.61E-6"
"27151","","4015","","6","7","1.10E-9","6.24E-9"
"27151","","4025","","6","7","5.21E-8","2.95E-7"
"27153","","4015","","6","7","2.69E-8","1.52E-7"
"27153","","4025","","6","7","1.28E-6","7.24E-6"
"27157","","4005","","6","7","1.07E-6","6.04E-6"
"27157","","4025","","6","7","8.61E-8","4.88E-7"
"27159","","4025","","6","7","2.04E-9","1.15E-8"
"27161","","4015","","6","7","4.16E-9","2.36E-8"
"27161","","4025","","6","7","1.98E-7","1.12E-6"
"27165","","4015","","6","7","5.31E-8","3.01E-7"
"27165","","4025","","6","7","2.93E-6","1.66E-5"
"27169","","4001","","4","7","0.018147568191678","0.0032663163995074"
"27169","","4005","","6","7","2.61E-6","1.48E-5"
"27169","","4025","","6","7","2.11E-7","1.19E-6"
"28001","","4025","","4","7","0.012392110955544","0.0055737663290402"
"28047","","4001","","4","7","3.78E-5","1.70E-5"
"28049","","4025","","4","7","0.3928770288569","0.176709582633"
"28059","","4001","","4","7","1.99E-5","8.94E-6"
"28067","","4005","","4","7","2.0228901005697","0.90986247382333"
"28067","","4025","","4","7","0.14099804760289","0.063418587277723"
"28071","","4025","","4","7","0.0035842277364173","0.001612126291035"
"28081","","4005","","4","7","0.25639105153971","0.11532044986249"
"28103","","4005","","4","7","0.10748341362935","0.048344259825206"
"28107","","4025","","4","7","0.0049525059903396","0.002227555194781"
"28121","","4005","","4","7","1.0012021199632","0.4503241364473"
"28121","","4025","","4","7","0.081141341200359","0.036496031797827"
"28133","","4025","","4","7","0.52511679423669","0.23618883957948"
"28149","","4025","","4","7","0.25091615929777","0.112857933981"
"29189","","4005","","7","7","4.11E-5","0.0027665140724367"
"29189","","4025","","7","7","0.0003807357533203","0.025636207390233"
"29510","","4005","","7","7","1.76E-5","0.0011818550939222"
"29510","","4025","","7","7","0.0002318046475885","0.015608179604293"
"31001","","4001","","6","7","0.0016525349367843","0.00043455493028118"
"31003","","4001","","6","7","0.0020058817541839","0.00052747193807464"
"31011","","4001","","6","7","0.0019977510362373","0.00052533386311369"
"31019","","4005","","6","7","1.9298833532554","0.50748719882234"
"31035","","4001","","6","7","0.001475833198044","0.00038808897664254"
"31037","","4001","","6","7","0.0012236268693758","0.00032176813759017"
"31041","","4001","","6","7","0.00015462001971066","4.07E-5"
"31041","","4005","","6","7","0.10779149596366","0.028345135083523"
"31041","","4025","","6","7","0.34701759619354","0.09125265915023"
"31065","","4025","","6","7","0.8424335569375","0.22152854227329"
"31067","","4001","","6","7","0.001816941817891","0.00047778779584231"
"31081","","4001","","6","7","0.0016631121124788","0.00043733633220145"
"31083","","4005","","6","7","0.69720744404341","0.18333950193354"
"31089","","4001","","6","7","0.0010117946471856","0.00026606417969123"
"31099","","4001","","6","7","0.0013152174322247","0.00034585303272144"
"31099","","4005","","6","7","0.85470761101861","0.22475615979395"
"31107","","4001","","6","7","0.0015292166913674","0.00040212684035298"
"31109","","4001","","6","7","0.0038160341882351","0.0010034743796981"
"31119","","4001","","6","7","0.0028760553686912","0.00075629507879478"
"31121","","4001","","6","7","0.0017762578999456","0.00046708944585117"
"31123","","4015","","6","7","0.39293402570308","0.10332696413473"
"31123","","4025","","6","7","1.0458470469059","0.2750186882205"
"31135","","4015","","6","7","0.14036291423757","0.036910200839242"
"31135","","4025","","6","7","0.37359487788772","0.098241490996747"
"31145","","4025","","6","7","0.48819964174878","0.12837826091366"
"31151","","4001","","6","7","0.00079924075140351","0.00021017044860781"
"31157","","4015","","6","7","0.92136862324579","0.24228551477221"
"31157","","4025","","6","7","2.4523471898601","0.64487566247079"
"31161","","4001","","6","7","0.00031158956742088","8.19E-5"
"31161","","4005","","6","7","0.21722093724872","0.057120988573719"
"31161","","4025","","6","7","0.6993082971255","0.18389194778161"
"31169","","4001","","6","7","0.001650847706339","0.00043411125172878"
"32003","","4015","","3","7","0.0064595732389623","0.05300098584077"
"32003","","4025","","3","7","0.015565200203835","0.12771291927402"
"32003","","4025","","7","7","12.180775606224","1.685594488033"
"33003","","4001","","7","7","6.10E-8","5.39E-7"
"33005","","4005","","7","7","0.0020321176373064","0.017947019133438"
"33005","","4025","","7","7","0.00019191642358619","0.0016949450479097"
"33009","","4005","","7","7","0.00015736853422516","0.0013898290349391"
"33019","","4005","","7","7","2.96E-5","0.0002612957351974"
"33019","","4025","","7","7","2.79E-6","2.47E-5"
"34003","","4025","","7","7","0.013355874328771","0.14368741940322"
"34013","","4005","","7","7","0.0039016676848131","0.03499645020052"
"34013","","4015","","7","7","0.00064262945015039","0.0069136445171323"
"34021","","4005","","7","7","0.00055317854532999","0.004961797615156"
"34023","","4005","","7","7","0.008963619114635","0.080400196865248"
"34023","","4015","","7","7","0.00050870674721567","0.0054728547110512"
"34023","","4025","","7","7","0.010389487275331","0.11177393398341"
"34025","","4005","","7","7","0.0014033778777373","0.012587756820478"
"34025","","4015","","7","7","7.94E-5","0.00085448129419726"
"34025","","4025","","7","7","0.0016221191684742","0.017451355976033"
"34027","","4005","","7","7","0.0078920814846116","0.070788918730757"
"34027","","4025","","7","7","0.00074534073489225","0.0066854181386606"
"34029","","4005","","7","7","0.00058354729115274","0.0052341935203673"
"34029","","4015","","7","7","3.22E-5","0.00034611995767874"
"34029","","4025","","7","7","0.0006570627370721","0.0070689231383768"
"34031","","4005","","7","7","0.0015420225387408","0.013831345810197"
"34035","","4005","","7","7","0.0020332325342317","0.018237309499034"
"34035","","4025","","7","7","0.00019187374524544","0.0017210332895357"
"34037","","4005","","7","7","7.08E-5","0.00063542668563291"
"34037","","4015","","7","7","1.36E-5","0.00014647585030147"
"34037","","4025","","7","7","6.69E-6","6.00E-5"
"34039","","4005","","7","7","0.0033782529240874","0.030301622222408"
"34039","","4015","","7","7","0.00018625001861331","0.0020037463575632"
"34039","","4025","","7","7","0.003803846143194","0.040923179019813"
"35001","","4001","","6","7","2.57E-5","6.90E-5"
"35001","","4001","","7","7","5.72E-6","2.83E-5"
"35001","","4001","","43","7","0.00096221384383372","0.0034874477686546"
"35001","","4005","","43","7","1.8731236507795","5.7701591931323"
"35001","","4015","","43","7","0.021636305648637","0.18572188100858"
"35001","","4025","","43","7","0.54221750286481","1.3811179515818"
"35005","","4001","","4","7","0.0086739049141437","0.004001136398554"
"35005","","4001","","5","7","4.56E-6","1.55E-5"
"35005","","4001","","7","7","4.30E-6","1.69E-5"
"35005","","4001","","43","7","4.95E-5","0.00012886910182237"
"35005","","4005","","43","7","0.040707758574667","0.15498290716812"
"35005","","4025","","43","7","0.00236755629907","0.011571257066158"
"35009","","4001","","43","7","3.84E-5","0.00011782908726874"
"35009","","4005","","43","7","0.01301084533725","0.062109629736383"
"35009","","4025","","43","7","0.00084036693967271","0.0028042544398725"
"35013","","4001","","5","7","1.87E-5","6.33E-5"
"35013","","4001","","6","7","8.69E-6","2.33E-5"
"35013","","4001","","7","7","1.07E-5","4.19E-5"
"35013","","4001","","43","7","0.00014317705384071","0.00042192746018407"
"35013","","4005","","5","7","0.065781814178958","0.22325478915925"
"35013","","4005","","43","7","0.28082253732116","0.79727212643701"
"35013","","4015","","43","7","0.00073530654098992","0.0025216755401328"
"35013","","4025","","43","7","0.030947625558522","0.1163100857276"
"35015","","4001","","43","7","2.27E-6","7.38E-6"
"35015","","4005","","43","7","0.0011634318157213","0.0039009695270119"
"35015","","4025","","43","7","0.00047618696615255","0.0032792544698987"
"35025","","4001","","43","7","2.85E-5","9.99E-5"
"35025","","4005","","43","7","0.007422878528104","0.025359074216638"
"35027","","4001","","5","7","5.41E-8","1.83E-7"
"35027","","4001","","7","7","5.29E-8","2.07E-7"
"35027","","4001","","43","7","6.35E-7","1.87E-6"
"35027","","4005","","43","7","0.00031937566109193","0.0011545399855135"
"35027","","4025","","43","7","0.0004744029603819","0.0019004626583062"
"35029","","4001","","6","7","1.37E-6","3.68E-6"
"35031","","4001","","3","7","4.45E-5","0.00013256942053297"
"35031","","4005","","3","7","0.18743752085768","0.55783453306449"
"35031","","4005","","6","7","0.00035616259072354","0.00095412895163381"
"35031","","4005","","7","7","0.00025115060138277","0.0012425345542095"
"35031","","4005","","43","7","0.061879550577665","0.22016015800694"
"35031","","4015","","5","7","0.00088052967439784","0.0029884014185342"
"35031","","4015","","43","7","0.0051783258106835","0.014257901700092"
"35031","","4025","","3","7","0.015718729466401","0.046780655613316"
"35031","","4025","","5","7","0.017129795586123","0.058136263793469"
"35031","","4025","","6","7","2.88E-5","7.71E-5"
"35031","","4025","","7","7","0.0097246716868615","0.038120913074524"
"35031","","4025","","43","7","0.11123893589974","0.31420696817407"
"35035","","4001","","5","7","1.37E-6","4.64E-6"
"35035","","4001","","7","7","1.34E-6","5.24E-6"
"35035","","4001","","43","7","1.58E-5","4.49E-5"
"35035","","4005","","43","7","0.0027286162435006","0.019514186581464"
"35035","","4025","","43","7","0.010470926819455","0.031386297528679"
"35037","","4001","","5","7","1.76E-6","5.99E-6"
"35037","","4001","","43","7","5.37E-6","1.51E-5"
"35037","","4005","","43","7","0.0012321645912136","0.0060221137036322"
"35037","","4025","","43","7","0.00010313681634795","0.00050407359496204"
"35039","","4001","","3","7","3.67E-6","1.09E-5"
"35039","","4001","","5","7","1.28E-7","4.36E-7"
"35039","","4001","","7","7","1.50E-7","5.92E-7"
"35039","","4001","","43","7","1.65E-6","5.03E-6"
"35039","","4005","","5","7","0.0004524425942687","0.0015355304083789"
"35039","","4005","","43","7","0.0021559125448736","0.0061605334474647"
"35039","","4015","","43","7","2.09E-5","0.00010191770752241"
"35039","","4025","","43","7","0.00057467457124761","0.0025476699738567"
"35043","","4001","","3","7","1.62E-5","4.82E-5"
"35043","","4001","","7","7","2.16E-8","1.07E-7"
"35043","","4001","","43","7","3.70E-6","1.26E-5"
"35043","","4005","","5","7","0.0021473731325816","0.0072879007966625"
"35043","","4005","","43","7","0.0082504334476804","0.025419553526832"
"35043","","4015","","43","7","0.00011921777664417","0.00079992011508403"
"35043","","4025","","5","7","0.00020280133597797","0.00068828094922712"
"35043","","4025","","43","7","0.0023391910233188","0.0059361857478399"
"35045","","4001","","3","7","7.16E-5","0.00021323160826766"
"35045","","4001","","6","7","3.14E-7","8.41E-7"
"35045","","4001","","7","7","4.70E-6","1.85E-5"
"35045","","4001","","43","7","1.85E-5","6.40E-5"
"35045","","4005","","6","7","0.0023553286273626","0.0063097228415068"
"35045","","4005","","7","7","0.013806094849076","0.054361280981801"
"35045","","4005","","43","7","0.11460480157061","0.34160375694805"
"35045","","4015","","5","7","0.00081482623133048","0.0027654126105768"
"35045","","4015","","43","7","0.0030423424918147","0.0085190242132292"
"35045","","4025","","5","7","0.016168405191536","0.054873431770331"
"35045","","4025","","6","7","0.00016410969581515","0.00043963576214718"
"35045","","4025","","7","7","0.0013774741531229","0.0053966174880572"
"35045","","4025","","43","7","0.078836061507793","0.22693330811889"
"35047","","4001","","5","7","4.55E-7","1.55E-6"
"35047","","4001","","7","7","1.01E-6","3.95E-6"
"35047","","4001","","43","7","7.10E-6","1.91E-5"
"35047","","4005","","43","7","0.0032329872746158","0.0099118020368414"
"35047","","4015","","43","7","3.81E-5","0.00013081633926232"
"35047","","4025","","43","7","0.0013481571649588","0.0058287817557986"
"35049","","4001","","6","7","2.95E-6","7.89E-6"
"35049","","4001","","7","7","1.49E-5","5.91E-5"
"35049","","4001","","43","7","0.00017667246697469","0.00056572749662834"
"35049","","4005","","43","7","0.12084742930452","0.37049558573383"
"35049","","4015","","43","7","0.0046834793520817","0.017782514255983"
"35049","","4025","","43","7","0.026137798723209","0.16166239350065"
"35055","","4001","","5","7","8.98E-7","3.05E-6"
"35055","","4001","","7","7","1.74E-6","6.80E-6"
"35055","","4001","","43","7","1.11E-5","2.98E-5"
"35055","","4005","","43","7","0.0022697877461435","0.0052516493972006"
"35055","","4025","","43","7","0.0013500395591052","0.0065982189289543"
"35061","","4001","","6","7","2.02E-7","5.40E-7"
"36009","","4025","","3","7","2.36E-5","0.0011807844304957"
"36029","","4025","","3","7","0.00031231689356603","0.015615844678302"
"36063","","4025","","3","7","7.50E-6","0.00037487497806575"
"36011","","4005","","6","7","0.33016724461158","0.62229902339804"
"36011","","4025","","6","7","0.82116610813879","1.5477333850713"
"39041","","4025","","3","7","0.00089985334934308","0.016490066208574"
"39041","","4025","","6","7","0.00084497518132547","0.0028989698758276"
"39045","","4005","","6","7","0.001442154712916","0.0049477939251046"
"39045","","4025","","6","7","0.00011010465444199","0.00037775083040314"
"39047","","4025","","3","7","0.068933761200194","1.2632305997717"
"39047","","4025","","6","7","0.0058065277291866","0.01992123477954"
"39049","","4025","","3","7","0.042062340230249","0.7708042380358"
"39049","","4025","","6","7","0.035008865822283","0.12010961936952"
"39083","","4005","","3","7","0.0053883241947125","0.098742559316954"
"39083","","4005","","6","7","0.00011314103080056","0.00038816813470947"
"39083","","4025","","3","7","0.013401417858902","0.24558475883142"
"39083","","4025","","6","7","8.64E-6","2.96E-5"
"39089","","4005","","6","7","0.0018662423133854","0.0064027682316213"
"39089","","4025","","6","7","0.00014248260826666","0.00048883422652302"
"39091","","4025","","6","7","0.00019680336538136","0.00067519974587548"
"39097","","4025","","3","7","0.046307025745427","0.84858929626886"
"39097","","4025","","6","7","0.00015706904593527","0.0005388778779006"
"39101","","4025","","3","7","0.037210906405931","0.68190034605393"
"39101","","4025","","6","7","0.0023699358626047","0.008130857361464"
"39119","","4005","","6","7","0.0082936154030816","0.028454020599183"
"39129","","4025","","3","7","0.016895439871773","0.30961369684504"
"39129","","4025","","6","7","3.00E-5","0.00010300714434958"
"39141","","4005","","6","7","0.00038217189062528","0.0013111684494364"
"39141","","4025","","6","7","2.96E-5","0.00010154142022827"
"39003","","4025","","5","7","0.0077925298328685","0.053398558528875"
"39013","","4001","","5","7","1.64E-7","1.12E-6"
"39029","","4001","","5","7","1.32E-7","9.05E-7"
"39039","","4015","","5","7","6.11E-6","4.19E-5"
"39039","","4025","","5","7","0.00012485844646854","0.00085559647567248"
"39063","","4025","","5","7","0.00049918124373652","0.0034158304023344"
"39069","","4025","","5","7","0.00033438365036671","0.0022913745995417"
"39075","","4005","","5","7","0.001573879936833","0.010754846235025"
"39081","","4001","","5","7","1.29E-7","8.89E-7"
"39095","","4025","","5","7","0.006149136121932","0.042137150854915"
"39099","","4001","","5","7","2.05E-6","1.41E-5"
"39107","","4015","","5","7","3.18E-5","0.00021769423057864"
"39107","","4025","","5","7","0.00064881738306006","0.0044460417536997"
"39139","","4005","","5","7","0.0013222707204181","0.0090579218285768"
"39139","","4025","","5","7","0.00012478195033872","0.00085479264707989"
"39143","","4025","","5","7","0.00038668325979267","0.0026497593365741"
"39145","","4025","","5","7","0.00043306382855448","0.0029633977844499"
"39155","","4001","","5","7","3.09E-7","2.13E-6"
"39167","","4001","","5","7","1.89E-9","1.66E-8"
"39173","","4025","","5","7","0.00091099244741595","0.0062426047209365"
"40037","","4015","","7","7","6.14E-5","0.00011161365805779"
"40143","","4015","","7","7","0.038126999674363","0.069301728788399"
"41003","","4001","","7","7","5.07E-9","3.62E-7"
"41003","","4025","","7","7","5.28E-7","3.77E-5"
"41005","","4001","","7","7","2.26E-7","1.62E-5"
"41005","","4005","","7","7","2.09E-6","0.00014978143108157"
"41005","","4025","","7","7","2.52E-5","0.0018052103790313"
"41043","","4001","","7","7","1.37E-7","9.81E-6"
"41043","","4005","","7","7","1.27E-6","9.09E-5"
"41043","","4025","","7","7","1.53E-5","0.0010959494502949"
"41047","","4001","","3","7","4.82E-7","1.11E-6"
"41047","","4001","","7","7","1.89E-7","1.35E-5"
"41047","","4005","","3","7","0.00033597078243306","0.00077689862089192"
"41047","","4005","","7","7","1.75E-6","0.00012512985858228"
"41047","","4025","","3","7","0.0010834170005856","0.0025052927743009"
"41047","","4025","","7","7","2.11E-5","0.0015081022915079"
"41051","","4001","","3","7","4.89E-6","1.13E-5"
"41051","","4001","","7","7","5.26E-7","3.76E-5"
"41051","","4005","","3","7","0.0034098307005609","0.0078848903156287"
"41051","","4005","","7","7","4.87E-6","0.00034841401254356"
"41051","","4025","","3","7","0.01099580303785","0.025426687862081"
"41051","","4025","","7","7","5.87E-5","0.0041991893594677"
"41053","","4001","","7","7","2.26E-8","1.61E-6"
"41053","","4005","","7","7","2.09E-7","1.50E-5"
"41053","","4025","","7","7","2.52E-6","0.00018045358898326"
"41067","","4001","","7","7","2.93E-7","2.10E-5"
"41067","","4005","","3","7","0.00025052676036604","0.00057931791930054"
"41067","","4005","","7","7","2.30E-6","0.0001641689960647"
"41067","","4025","","3","7","0.00083460416993087","0.0019299381449609"
"41067","","4025","","7","7","3.21E-5","0.0022975307714369"
"41071","","4005","","7","7","1.33E-6","9.50E-5"
"42011","","4001","","4","7","1.62E-6","7.42E-8"
"42017","","4001","","4","7","3.11E-6","1.43E-7"
"42029","","4001","","4","7","1.61E-6","7.39E-8"
"42045","","4001","","4","7","1.75E-6","8.04E-8"
"42091","","4001","","4","7","3.32E-6","1.52E-7"
"42101","","4001","","4","7","1.01E-5","4.64E-7"
"42003","","4005","","7","7","0.00011543949198969","0.00034631847596907"
"42003","","4025","","7","7","8.81E-6","2.64E-5"
"42005","","4005","","7","7","1.14E-6","3.41E-6"
"42007","","4025","","7","7","1.43E-6","4.28E-6"
"42019","","4005","","7","7","8.24E-6","2.47E-5"
"42019","","4025","","7","7","6.29E-7","1.89E-6"
"42051","","4005","","7","7","6.98E-6","2.09E-5"
"42051","","4025","","7","7","5.33E-7","1.60E-6"
"42073","","4025","","7","7","1.31E-5","3.93E-5"
"42125","","4005","","7","7","1.43E-5","4.29E-5"
"42125","","4025","","7","7","1.09E-6","3.28E-6"
"42129","","4005","","7","7","1.87E-5","5.60E-5"
"42129","","4025","","7","7","1.43E-6","4.28E-6"
"46083","","4001","","7","7","3.32E-8","1.37E-6"
"46083","","4005","","4","7","0.0041010908050617","0.00069716229023636"
"46083","","4025","","4","7","0.054751757193477","0.0093074897030707"
"46093","","4001","","7","7","1.53E-8","6.77E-7"
"46093","","4005","","7","7","1.42E-7","6.28E-6"
"46093","","4015","","7","7","5.42E-8","2.24E-6"
"46093","","4025","","7","7","1.80E-6","7.94E-5"
"46099","","4001","","7","7","2.97E-7","1.23E-5"
"46099","","4005","","4","7","0.032725616730331","0.0055631701402358"
"46099","","4025","","4","7","0.38739502420966","0.065854967651738"
"46103","","4001","","7","7","9.21E-8","4.23E-6"
"46103","","4005","","7","7","4.62E-7","1.45E-5"
"46103","","4025","","7","7","1.07E-5","0.00048537523831625"
"46125","","4001","","7","7","8.36E-7","3.69E-5"
"46125","","4025","","4","7","0.027902280320913","0.004743230173625"
"47157","","4005","","7","7","0.00023836955693014","0.026538477338222"
"47011","","4015","","6","7","0.046859505665792","0.10737356629642"
"47059","","4025","","6","7","0.37828945798956","0.86681000193163"
"47065","","4015","","6","7","0.046395315677484","0.1063099243784"
"47123","","4015","","6","7","0.00021949209948235","0.00050294276818447"
"47123","","4025","","6","7","0.012116724759016","0.027764184250826"
"47163","","4005","","6","7","0.063185670883959","0.14478323501811"
"47163","","4025","","6","7","0.0048933169207901","0.011212514544032"
"48055","","4005","","4","7","0.017918593259606","0.01323547717749"
"48055","","4025","","4","7","0.0014521929793373","0.0010726549097277"
"48453","","4005","","4","7","0.51165098312531","0.37792837930316"
"48453","","4025","","4","7","0.041466199650873","0.030628796087112"
"48491","","4025","","4","7","0.013335084733115","0.0098498920695366"
"48245","","4001","","7","7","2.29E-8","1.61E-7"
"48085","","4005","","7","7","6.65E-5","0.0014401646842609"
"48085","","4025","","7","7","0.00036842191909542","0.0079834804993976"
"48113","","4005","","7","7","0.0022612284383966","0.04899945472014"
"48113","","4025","","7","7","0.012535006128058","0.27162601299317"
"48121","","4005","","7","7","8.20E-6","0.00021069163988011"
"48121","","4025","","7","7","0.004342621510234","0.093986293067075"
"48139","","4005","","7","7","0.00049866426602239","0.01080575350487"
"48139","","4025","","7","7","0.0027643202802041","0.059901151118491"
"48181","","4005","","7","7","3.81E-6","8.25E-5"
"48181","","4025","","7","7","2.11E-5","0.00045745499540718"
"48221","","4025","","7","7","2.42E-6","5.25E-5"
"48257","","4005","","7","7","0.00035582445603325","0.0077105010823597"
"48257","","4015","","7","7","2.68E-5","0.00054229799047427"
"48257","","4025","","7","7","0.0019724949771339","0.042742774978678"
"48439","","4005","","7","7","3.49E-5","0.00089828969182083"
"48439","","4025","","7","7","0.018514888110142","0.40071318578491"
"48141","","4001","","43","7","8.74E-5","0.00011683753804177"
"48479","","4025","","3","7","0.059017172534556","0.079911589118186"
"48029","","4001","","7","7","2.12E-6","1.16E-5"
"48187","","4001","","7","7","5.84E-8","3.20E-7"
"48025","","4005","","3","7","0.0001629279067774","0.00053966139085518"
"48025","","4025","","3","7","0.0004014324768075","0.0013296531763853"
"48037","","4005","","3","7","0.025916191965832","0.085841452692686"
"48037","","4025","","3","7","0.06682819136214","0.22135308439273"
"48041","","4005","","3","7","0.0047639300072242","0.015779427505613"
"48041","","4025","","3","7","0.011737683617027","0.038878389782771"
"48089","","4005","","3","7","0.0019040122512141","0.0063066046819061"
"48089","","4025","","3","7","0.0046912304281977","0.015538626793765"
"48183","","4005","","3","7","0.030829337886031","0.10211512374888"
"48183","","4025","","3","7","0.075959347362347","0.2515979481773"
"48215","","4001","","3","7","0.00078233715019586","0.0025913127035334"
"48215","","4025","","3","7","0.075784037220869","0.25101727346876"
"48309","","4025","","3","7","0.14886981444047","0.49309717841683"
"48347","","4005","","3","7","0.005637767640025","0.018673814609863"
"48347","","4025","","3","7","0.011062504190613","0.036642012506821"
"48423","","4005","","3","7","0.055113742775757","0.18255165532959"
"48423","","4025","","3","7","0.13579285897799","0.44978275725587"
"48469","","4005","","3","7","0.047104256409156","0.15602206541384"
"48469","","4025","","3","7","0.11605856045482","0.38441741132335"
"49003","","4001","","3","7","1.52E-6","2.12E-5"
"49003","","4001","","7","7","1.22E-10","1.44E-8"
"49003","","4005","","3","7","4.02E-5","0.001320747050847"
"49003","","4005","","7","7","5.15E-7","6.08E-5"
"49003","","4015","","3","7","7.47E-5","0.0024544401423215"
"49003","","4025","","3","7","0.00016607788313615","0.0054533607188376"
"49003","","4025","","7","7","4.32E-8","5.10E-6"
"49011","","4001","","3","7","8.65E-7","1.51E-5"
"49011","","4005","","3","7","0.00039134969728104","0.0040254296015731"
"49011","","4005","","7","7","4.35E-6","0.0003269609112899"
"49011","","4025","","3","7","0.00033855062294134","0.011116704004306"
"49035","","4001","","3","7","1.48E-6","4.98E-5"
"49035","","4005","","3","7","0.0038188083378046","0.058752849654881"
"49035","","4005","","7","7","0.019944023193086","0.0093097436260271"
"49035","","4025","","3","7","0.012942513398937","0.21180182226558"
"49035","","4025","","7","7","0.00031424782432351","0.023631436389128"
"49043","","4001","","3","7","1.31E-6","1.68E-5"
"49043","","4005","","3","7","1.01E-5","0.00016372622184993"
"49043","","4025","","3","7","3.40E-5","0.00057645395100062"
"49049","","4001","","3","7","6.21E-5","0.00079375051317976"
"49049","","4001","","7","7","3.68E-7","2.76E-5"
"49049","","4005","","3","7","0.00029648483602961","0.0039498003168962"
"49049","","4005","","7","7","4.08E-6","0.00030696220182731"
"49049","","4015","","3","7","0.00055097929817373","0.0073402007187729"
"49049","","4015","","7","7","3.69E-5","0.0027749280749655"
"49049","","4025","","3","7","0.0012241850227854","0.01630871398244"
"49049","","4025","","7","7","0.0012622181483123","0.0050956147843893"
"49057","","4001","","3","7","5.72E-7","9.41E-6"
"49057","","4001","","7","7","6.86E-7","5.20E-5"
"49057","","4005","","3","7","0.00032892401832172","0.0046813787457226"
"49057","","4005","","7","7","1.11E-5","0.00083347949580295"
"49057","","4015","","3","7","6.61E-5","0.0021197167359868"
"49057","","4025","","3","7","0.00021099464105116","0.006948928558518"
"49005","","4001","","7","7","4.65E-6","1.78E-5"
"49005","","4025","","7","7","0.00048485890627522","0.0018512794603236"
"49053","","4001","","7","7","2.99E-6","7.89E-5"
"49053","","4005","","7","7","3.95E-5","0.0009353987194978"
"49053","","4025","","7","7","0.00049540385551624","0.01160869757497"
"50003","","4005","","7","7","6.63E-7","1.61E-5"
"50003","","4025","","7","7","4.34E-6","0.00010498393234966"
"50007","","4005","","7","7","5.29E-5","0.0012810377425984"
"50007","","4025","","7","7","0.00028964458783161","0.0070138550961071"
"50011","","4005","","7","7","0.0001634407613066","0.0039577808968706"
"50025","","4005","","7","7","8.36E-6","0.00020238871808708"
"51041","","4005","","6","7","0.00090550506644525","0.00838711156601"
"51041","","4025","","6","7","8.46E-5","0.00078402127135179"
"51075","","4025","","6","7","3.49E-5","0.00032343353684735"
"51085","","4005","","6","7","0.0060400007964666","0.055944646160428"
"51085","","4025","","6","7","0.00056998771886236","0.0052794299739494"
"51087","","4005","","6","7","0.0058090743619346","0.053805722987349"
"51087","","4025","","6","7","0.00054819546484132","0.0050775823283401"
"51149","","4005","","6","7","0.0010385205609767","0.0096191486180203"
"51149","","4025","","6","7","9.80E-5","0.00090774765814449"
"51760","","4005","","6","7","0.0037118813299528","0.034380771558042"
"51760","","4025","","6","7","0.00035028584320474","0.0032444726769838"
"53033","","4001","","3","7","1.00E-5","9.05E-5"
"53035","","4001","","3","7","4.09E-7","3.70E-6"
"53045","","4001","","3","7","1.15E-6","1.04E-5"
"53053","","4001","","3","7","1.57E-6","1.42E-5"
"53057","","4001","","3","7","1.61E-7","1.45E-6"
"53057","","4005","","3","7","0.00014946802360138","0.0013512822432216"
"53057","","4025","","3","7","0.00031809335640626","0.0028757582648239"
"53061","","4001","","3","7","8.12E-7","7.34E-6"
"53067","","4001","","3","7","7.16E-7","6.47E-6"
"55055","","4025","","7","7","0.0037752413879253","0.0036800672352885"
"55079","","4005","","7","7","0.0029461162832201","0.0028718444441473"
"55089","","4005","","7","7","9.05E-5","8.82E-5"
"55101","","4005","","7","7","2.13E-5","2.07E-5"
"55101","","4025","","7","7","0.0016339251790789","0.0015927337880097"
"55127","","4025","","7","7","0.0010002945488573","0.00097507703922228"
"55131","","4005","","7","7","0.00011369101203268","0.00011082485206547"
"55133","","4005","","7","7","0.00045847317432137","0.00044691502706957"
"55133","","4025","","7","7","0.028034834374439","0.027328073843991"
