state_orig,dms_orig,county_orig,dms_dest,county_dest,state_dest,naics_dest1,sctg2,tons_2012,value_2012
1,19,1015,49,4025,4,42,7,7.880576783760421e-06,3.2518454185191886e-06
1,19,1031,49,4005,4,42,7,4.990602883819906e-06,2.0593250429132272e-06
1,19,1031,49,4025,4,42,7,1.2669586167515405e-05,5.227984811755065e-06
1,19,1039,49,4025,4,42,7,1.0931720660441625e-06,4.5108710595198184e-07
1,19,1055,49,4025,4,42,7,4.735658433743653e-05,1.9541246286915468e-05
1,19,1061,49,4005,4,42,7,4.624772581995878e-07,1.9083686315254935e-07
1,19,1061,49,4025,4,42,7,1.1740856985982125e-06,4.844753505610365e-07
1,19,1069,49,4005,4,42,7,1.6406519195069684e-05,6.769994854726412e-06
1,19,1069,49,4025,4,42,7,4.165104166569706e-05,1.718690810757113e-05
1,19,1081,49,4005,4,42,7,4.4497925670038397e-07,1.8361647845612926e-07
1,19,1081,49,4025,4,42,7,1.1296637233550556e-06,4.6614504294018994e-07
1,19,1083,49,4015,4,42,7,8.156996067513343e-07,3.365907219593776e-07
1,19,1089,49,4015,4,42,7,8.629707150108009e-07,3.5609669735176765e-07
1,19,1089,49,4025,4,42,7,2.5765281396754447e-06,1.0631799494619424e-06
1,19,1101,49,4025,4,42,7,8.488424219474234e-05,3.502667909463995e-05
1,19,1103,49,4015,4,42,7,2.450109480992909e-05,1.0110144865355116e-05
1,19,1103,49,4025,4,42,7,7.315168305548836e-05,3.018534961694109e-05
1,19,1109,49,4005,4,42,7,2.73041179239688e-06,1.12667858221664e-06
1,19,1109,49,4025,4,42,7,6.931665027631723e-06,2.860285963999961e-06
1,19,1125,49,4015,4,42,7,6.889049639681688e-06,2.8427011275258968e-06
4,41,4013,49,4001,4,42,2,0.02551650318240469,0.007271659103915274
4,41,4013,49,4001,4,42,3,0.0517130415254899,0.16693563712942294
4,41,4013,49,4001,4,42,4,0.09572429136679428,0.10244659570162272
4,41,4013,49,4001,4,42,5,0.015541072729353119,0.05185693915761739
4,41,4013,49,4001,4,42,6,0.7039515062646493,3.759186118664643
4,41,4013,49,4001,4,42,7,4.928199717053244,6.3852037732749665
4,41,4013,49,4001,4,42,43,4.501993428493735,8.255613289749062
4,41,4013,49,4005,4,42,2,3.521799753944041,0.9920501384805788
4,41,4013,49,4005,4,42,3,3.0069566649078507,10.694623784318988
4,41,4013,49,4005,4,42,4,4.681694939257826,5.771463192904715
4,41,4013,49,4005,4,42,5,1.1145365777985354,3.5868896340086134
4,41,4013,49,4005,4,42,6,0.32598560301339075,1.9794207615989534
4,41,4013,49,4005,4,42,7,2.2578469139398782,6.505828320441586
4,41,4013,49,4005,4,42,43,29.958742788168273,86.68975199507572
4,41,4013,49,4015,4,42,3,0.6685087743824646,2.3631849157691356
4,41,4013,49,4015,4,42,4,0.24906131583015068,0.371997011339861
4,41,4013,49,4015,4,42,5,0.23995478348615995,0.5992192288250748
4,41,4013,49,4015,4,42,6,0.04388192849099706,0.12053122726546084
4,41,4013,49,4015,4,42,7,0.6649532546889567,2.0213171180682306
4,41,4013,49,4015,4,42,43,7.281932065023196,21.618685618698716
4,41,4013,49,4025,4,42,2,8.94075254755108,2.518506281620794
4,41,4013,49,4025,4,42,3,5.685250690251466,21.121782985456825
4,41,4013,49,4025,4,42,4,11.346324236110991,13.600664796335012
4,41,4013,49,4025,4,42,5,2.82946119697226,9.105995477775998
4,41,4013,49,4025,4,42,6,0.8270088211663689,5.023064551566026
4,41,4013,49,4025,4,42,7,5.502403771316452,15.68794770532298
4,41,4013,49,4025,4,42,43,68.2381283272871,200.5309774605308
4,41,4021,49,4001,4,42,3,0.002164025716283121,0.00728792749220637
4,41,4021,49,4001,4,42,4,8.613720174190082e-05,0.00014508223713054528
4,41,4021,49,4001,4,42,5,0.0006789509677036696,0.0022829222453963987
4,41,4021,49,4001,4,42,6,0.027303509978451917,0.14503715460987826
4,41,4021,49,4001,4,42,7,0.18909834587642083,0.24497580068369834
4,41,4021,49,4001,4,42,43,0.1710198135561559,0.31374736843336565
4,41,4021,49,4005,4,42,2,0.13938365578167566,0.03902520955473636
4,41,4021,49,4005,4,42,3,0.1025077325094802,0.41138990360166794
4,41,4021,49,4005,4,42,4,0.001182051605001307,0.0009925915835370504
4,41,4021,49,4005,4,42,5,0.025813398759807163,0.0714252817844298
4,41,4021,49,4005,4,42,6,0.016116617916501336,0.09645172393446871
4,41,4021,49,4005,4,42,7,0.08110454590103482,0.21681887798369442
4,41,4021,49,4005,4,42,43,0.8188089051732894,2.3373977826883374
4,41,4021,49,4015,4,42,6,8.346831110024396e-05,0.0002874315504117702
4,41,4021,49,4015,4,42,7,0.0001836428334109547,0.00010278984532217255
4,41,4021,49,4015,4,42,43,0.02225650864628417,0.052106017933669736
4,41,4021,49,4025,4,42,2,0.35385168453186283,0.0990728508497612
4,41,4021,49,4025,4,42,3,0.3336991624561895,1.3008110724158044
4,41,4021,49,4025,4,42,4,0.013178493555394983,0.0223694442787115
4,41,4021,49,4025,4,42,5,0.11693567813130408,0.3799279065040978
4,41,4021,49,4025,4,42,6,0.03994692318327182,0.2429267872350903
4,41,4021,49,4025,4,42,7,0.231908966343831,0.6218406989260804
4,41,4021,49,4025,4,42,43,2.9610346555315905,8.668166245073596
4,42,4019,49,4001,4,42,5,0.0012323200599192855,0.0036005177402859134
4,42,4019,49,4001,4,42,7,8.042349938392519e-07,5.3539072447013046e-05
4,42,4019,49,4005,4,42,5,0.0580380159791166,0.16957194233898415
4,42,4019,49,4005,4,42,7,3.787668880961366e-05,0.0025215052836114237
4,42,4019,49,4025,4,42,5,0.1473404439417602,0.4304903405602733
4,42,4019,49,4025,4,42,7,9.615711443789644e-05,0.006401316475437106
4,42,4023,49,4001,4,42,3,2.442657882794504e-05,2.9311894593534038e-05
4,42,4023,49,4001,4,42,5,0.003561722208642753,0.010406423148730132
4,42,4023,49,4015,4,42,3,0.0009781878594269286,0.0011738254313123145
4,42,4023,49,4025,4,42,3,0.0029205261567547235,0.003504631388105668
4,42,4023,49,4025,4,42,5,0.4258518127612256,1.2442279051110592
4,49,4003,49,4001,4,42,7,0.0010871783034176734,0.0005934843473831432
4,49,4003,49,4005,4,42,7,0.047485565176095104,0.024027798493616075
4,49,4003,49,4025,4,42,7,0.12054844778551628,0.06099527132080621
4,49,4005,49,4001,4,42,6,1.3287870800631247e-05,9.373869252920556e-05
4,49,4005,49,4001,4,42,7,0.01740519854482542,0.00941053149678281
4,49,4005,49,4005,4,42,3,0.021712646209630947,0.17142505084221232
4,49,4005,49,4005,4,42,4,0.004160918002703058,0.012565972368163238
4,49,4005,49,4005,4,42,6,0.0007846855096815028,0.005215993378479068
4,49,4005,49,4005,4,42,7,86.54754619345377,49.37125704516799
4,49,4005,49,4015,4,42,7,0.24214655456735648,0.13960005826245284
4,49,4005,49,4025,4,42,3,0.054309386210548,0.4342215921380644
4,49,4005,49,4025,4,42,6,0.001992072082421636,0.013241782425142186
4,49,4005,49,4025,4,42,7,14.921970900189129,14.05377856048535
4,49,4007,49,4001,4,42,7,0.0012657904300812028,0.0007282920898757384
4,49,4007,49,4005,4,42,3,0.0030298036065519608,0.024227642787236558
4,49,4007,49,4005,4,42,7,1.9757104167934072,1.7790455231038311
4,49,4007,49,4025,4,42,3,0.007691727584318895,0.06150643821488115
4,49,4007,49,4025,4,42,7,0.8086920625152096,0.7353439460727211
4,49,4009,49,4001,4,42,3,9.189460385026757e-07,1.109670688003231e-06
4,49,4012,49,4025,4,42,3,5.121288698226309e-05,6.184197673329883e-05
4,49,4015,49,4001,4,42,6,0.002000398700757645,0.00464261150456868
4,49,4015,49,4005,4,42,6,0.02952329948861237,0.06899588727872592
4,49,4015,49,4005,4,42,7,0.27157277420531073,0.6996915188823115
4,49,4015,49,4015,4,42,3,0.00035806845207265043,0.0019494667860566364
4,49,4015,49,4015,4,42,6,0.01769759687064778,0.041658287116787145
4,49,4015,49,4015,4,42,7,57.402968059698104,31.13935717158281
4,49,4015,49,4025,4,42,3,0.03177254485463017,0.2540046396419686
4,49,4015,49,4025,4,42,6,0.1295276918145789,0.31179963736714605
4,49,4015,49,4025,4,42,7,10.26437885180525,12.880636741689072
4,49,4017,49,4001,4,42,3,2.8970691897718927e-05,0.00028183731922384333
4,49,4017,49,4001,4,42,7,2.300994683024073e-05,0.0005251242446408113
4,49,4017,49,4005,4,42,3,0.00043773097807807377,0.0030835138708720225
4,49,4017,49,4005,4,42,7,0.0002209717681898586,0.004467871173900129
4,49,4017,49,4025,4,42,3,2.852870876628019e-05,3.4449761529093056e-05
4,49,4017,49,4025,4,42,7,0.0005609784875383169,0.011342533185040457
4,49,4025,49,4001,4,42,7,0.00770859631193798,0.00422778617265237
4,49,4025,49,4005,4,42,2,0.9960027227788656,0.309571800871667
4,49,4025,49,4005,4,42,3,0.055765681604097166,0.17883584275642406
4,49,4025,49,4005,4,42,6,0.002959498412049301,0.01938591256707013
4,49,4025,49,4005,4,42,7,3.8669521079004903,3.4967221227820318
4,49,4025,49,4015,4,42,6,0.0018673976075315086,0.013173473221447523
4,49,4025,49,4015,4,42,7,0.19296208563346662,0.11510129705691016
4,49,4025,49,4025,4,42,2,4.354171736084373,1.385899197965193
4,49,4025,49,4025,4,42,3,0.16033099033454468,0.475706110891621
4,49,4025,49,4025,4,42,6,0.007513244595286998,0.04921479336709294
4,49,4025,49,4025,4,42,7,14.404869590261178,14.105515487971092
4,49,4027,49,4001,4,42,6,0.005342848226037628,0.01239991239345032
4,49,4027,49,4015,4,42,7,0.0813349755086507,0.041153984063304866
4,49,4027,49,4025,4,42,6,0.4914983050337744,1.1439093086408487
4,49,4027,49,4025,4,42,7,2.967600211305773,12.142916353580175
5,50,5003,49,4005,4,42,7,5.24491013173908e-05,0.0015909560732941875
5,50,5003,49,4025,4,42,7,0.0001331519305420672,0.004038941893109372
5,50,5007,49,4005,4,42,5,0.00039868786017930696,0.0001982575236220164
5,50,5007,49,4025,4,42,5,0.001012144287188358,0.0005033140959844805
5,50,5009,49,4025,4,42,7,5.873618161031647e-05,0.0017816641755129328
5,50,5021,49,4005,4,42,7,0.0003413563303166142,0.010354475352937298
5,50,5023,49,4025,4,42,7,8.227139796417982e-05,0.002495565738246788
5,50,5031,49,4005,4,42,7,0.0007297805008189872,0.022136675191509282
5,50,5033,49,4005,4,42,5,0.00029047265589996613,0.00014444480304150068
5,50,5033,49,4025,4,42,5,0.0007374195921625403,0.00036670036089574083
5,50,5037,49,4005,4,42,7,0.00011261337513511428,0.0034159390457651337
5,50,5037,49,4025,4,42,7,0.00028589028081452817,0.008672005184707355
5,50,5041,49,4005,4,42,7,6.234877546517416e-05,0.0018912461891102835
5,50,5041,49,4025,4,42,7,0.00015828411949108314,0.004801284957896191
5,50,5045,49,4001,4,42,5,1.4931149615752812e-07,7.424888097464617e-08
5,50,5045,49,4025,4,42,7,6.991297841061513e-05,0.002120693678455325
5,50,5051,49,4015,4,42,7,4.3149694820262235e-05,0.0013088740762146212
5,50,5051,49,4025,4,42,7,0.0001288298675597838,0.003907839315980109
5,50,5063,49,4001,4,42,5,0.0003213955109396512,0.000159821967173695
5,50,5069,49,4005,4,42,7,9.982311255007879e-05,0.00302796774735239
5,50,5069,49,4025,4,42,7,0.00025341978823103064,0.007687066909674598
5,50,5085,49,4025,4,42,7,0.000304775982956082,0.009244871483001156
5,50,5091,49,4005,4,42,5,6.976243358593952e-05,3.4691117302577005e-05
5,50,5095,49,4005,4,42,7,0.0001363445614018539,0.004135785029189569
5,50,5095,49,4025,4,42,7,0.0003461363705682537,0.010499469907237031
5,50,5107,49,4005,4,42,7,9.477258721341421e-05,0.0028747684788068967
5,50,5107,49,4025,4,42,7,0.00024059807762136695,0.007298141687848133
5,50,5115,49,4025,4,42,7,7.904817605206664e-05,0.002397794673579355
5,50,5119,49,4001,4,42,5,2.3230843675284226e-05,1.155211883462079e-05
5,50,5119,49,4025,4,42,7,0.0010632606903173674,0.032252240939626815
5,50,5123,49,4005,4,42,7,0.00013345594527700035,0.0040481636734023465
5,50,5123,49,4025,4,42,7,0.0003388030740205842,0.010277026578624388
5,50,5125,49,4001,4,42,5,1.5863419707405677e-07,7.888482749267763e-08
5,50,5125,49,4025,4,42,7,5.6035290195065475e-05,0.0016997371359169864
5,50,5131,49,4005,4,42,5,0.00037868657538938825,0.0001883113838275301
5,50,5131,49,4025,4,42,5,0.0009613672554336444,0.00047806394523236436
5,50,5143,49,4005,4,42,5,0.0004635940061950291,0.000230533730304454
5,50,5143,49,4025,4,42,5,0.001176920773895731,0.0005852533308311289
5,50,5145,49,4001,4,42,5,0.0001719898576996559,8.552626423162549e-05
5,50,5145,49,4025,4,42,7,0.00013608468015701398,0.004127901964762758
6,61,6037,49,4001,4,42,5,5.5223502313937694e-05,0.0002208908568695016
6,61,6037,49,4001,4,42,43,0.05318510136138695,0.16989010367616136
6,61,6037,49,4005,4,42,6,0.0007717401831662182,0.0038587408031674148
6,61,6037,49,4005,4,42,7,0.0025708485649912475,0.00836249254535061
6,61,6037,49,4015,4,42,3,0.08380645653780859,12.103387633919828
6,61,6037,49,4015,4,42,6,0.0028296245529690345,0.011426805409685109
6,61,6037,49,4015,4,42,7,0.0009985744785044324,0.0032409052409863672
6,61,6037,49,4015,4,42,43,0.3961084683460955,0.8646910413107195
6,61,6037,49,4025,4,42,3,0.04184576635323034,35.82741100364567
6,61,6037,49,4025,4,42,6,0.0019592079308210822,0.009796140915627577
6,61,6037,49,4025,4,42,7,0.05514442204169434,0.5298218097616828
6,61,6059,49,4001,4,42,5,1.4200719964781333e-05,5.680206922321002e-05
6,61,6059,49,4001,4,42,43,0.009307586952401385,0.029731388525027377
6,61,6059,49,4005,4,42,6,0.00029313773468306006,0.0014657038242182096
6,61,6059,49,4005,4,42,7,0.0024332068467757258,0.01721028063738941
6,61,6059,49,4015,4,42,3,0.01100984766307595,0.01633018824976945
6,61,6059,49,4015,4,42,6,0.000353676139164615,0.0016702955754384662
6,61,6059,49,4015,4,42,7,0.00015374128003740645,0.0004989722158485665
6,61,6059,49,4015,4,42,43,0.14612736940326965,0.3425996218785963
6,61,6059,49,4025,4,42,3,0.013517321032580557,11.573228512879231
6,61,6059,49,4025,4,42,7,0.01653812283186738,0.2678679988744737
6,61,6065,49,4001,4,42,5,2.8883582379588296e-06,1.1553268072383445e-05
6,61,6065,49,4001,4,42,6,3.077631696796402e-06,1.5388317551156752e-05
6,61,6065,49,4001,4,42,7,8.696600603284884e-06,2.778166117346234e-05
6,61,6065,49,4001,4,42,43,0.010435809282359059,0.03333528893510401
6,61,6065,49,4005,4,42,3,0.0017965183668694,1.5381389209630183
6,61,6065,49,4005,4,42,7,0.0034116256816942433,0.0287257786820463
6,61,6065,49,4015,4,42,3,0.005641561144588421,0.00836775933082937
6,61,6065,49,4015,4,42,6,8.824129327987347e-05,0.00035634271209234245
6,61,6065,49,4015,4,42,7,1.1602753388151459,3.562239441342181
6,61,6065,49,4015,4,42,43,0.1494375987751122,0.3620119076441337
6,61,6065,49,4025,4,42,3,0.021404525100521737,3.929838792693998
6,61,6065,49,4025,4,42,6,0.0002634575788752021,0.0010639144632650652
6,61,6065,49,4025,4,42,7,3.464975041560115,10.647930505025718
6,61,6065,49,4025,4,42,43,0.4461683017421816,1.0808406944968283
6,61,6071,49,4001,4,42,5,9.260240793621294e-06,3.704043456158453e-05
6,61,6071,49,4001,4,42,6,7.56857623233497e-06,3.7843272342997604e-05
6,61,6071,49,4001,4,42,7,3.9689332764590086e-05,0.00024267772485196023
6,61,6071,49,4001,4,42,43,0.009127580664291932,0.029156391276428006
6,61,6071,49,4005,4,42,3,0.0018730164384967531,1.6036348621782983
6,61,6071,49,4005,4,42,6,1.894233896739689e-05,9.471342079042114e-05
6,61,6071,49,4005,4,42,7,0.001687396558081909,0.01626734932953582
6,61,6071,49,4015,4,42,3,0.003026988945183033,0.0044897350824016575
6,61,6071,49,4015,4,42,6,0.00017729028735523176,0.0007126385332823303
6,61,6071,49,4015,4,42,7,1.3982882914537889,4.027842911929749
6,61,6071,49,4015,4,42,43,0.12852750932036405,0.31600020358842795
6,61,6071,49,4025,4,42,3,0.013792533526317874,4.0845341642845465
6,61,6071,49,4025,4,42,6,0.0005293266692789026,0.002127688926727924
6,61,6071,49,4025,4,42,7,4.178951851264361,12.066614221424814
6,61,6071,49,4025,4,42,43,0.3837381022624518,0.9434658703088944
6,61,6111,49,4005,4,42,5,5.302289684509856e-05,0.00021208856061382016
6,61,6111,49,4005,4,42,7,3.817552872725016e-05,0.00012216169192720048
6,61,6111,49,4005,4,42,43,0.0242897770105029,0.07758926144646094
6,61,6111,49,4015,4,42,3,0.0020484256574550453,1.7538163196858167
6,61,6111,49,4015,4,42,7,5.9843333891116174e-05,0.0012679306368180235
6,61,6111,49,4025,4,42,6,0.00010387925355195143,0.0005194016367515679
6,61,6111,49,4025,4,42,7,0.0026122349118885098,0.021378896858242135
6,61,6111,49,4025,4,42,43,0.0616641776531716,0.19697496604205705
6,62,6017,49,4001,4,42,3,1.1395251675147836e-08,8.09662619023662e-08
6,62,6017,49,4005,4,42,3,0.00013618117181989417,0.001007634648063551
6,62,6017,49,4025,4,42,3,0.0003457215753149138,0.002558070496934356
6,62,6057,49,4001,4,42,3,9.7766020266553e-09,6.946533018939291e-08
6,62,6057,49,4005,4,42,3,6.510430741312556e-05,0.0004817211881126034
6,62,6057,49,4025,4,42,3,0.00016527955676883145,0.0012229400422337374
6,62,6061,49,4001,4,42,3,9.956209288923617e-09,7.07414870528783e-08
6,62,6061,49,4005,4,42,3,6.312140920703231e-05,0.00046704928516639357
6,62,6061,49,4025,4,42,3,0.00016024559588908284,0.0011856926508972926
6,62,6067,49,4001,4,42,3,9.532298434554876e-07,6.772948887710044e-06
6,62,6067,49,4005,4,42,3,0.0009446491959542427,0.0069896685965351365
6,62,6067,49,4025,4,42,3,0.002398170053766257,0.017744591310458205
6,62,6101,49,4025,4,42,3,0.0016687675296060368,0.012347580505610068
6,62,6113,49,4001,4,42,3,1.880232269814554e-07,1.3359545074998145e-06
6,62,6113,49,4005,4,42,3,0.00067892462805642,0.005023513673080095
6,62,6113,49,4025,4,42,3,0.0017235781481024699,0.012753136409856812
6,62,6115,49,4001,4,42,3,7.403848034711044e-09,5.2606288667683733e-08
6,63,6073,49,4015,4,42,6,1.1040120435175256e-06,3.934297464171547e-05
6,63,6073,49,4025,4,42,6,3.296193077221508e-06,0.0001174643351155301
6,64,6001,49,4005,4,42,3,0.06527447070981053,0.19060957992543207
6,64,6001,49,4005,4,42,7,6.635792107665663e-05,0.00041423564031677117
6,64,6001,49,4015,4,42,6,0.0029878635335176904,0.01145347687848448
6,64,6001,49,4025,4,42,3,0.16571154837387145,0.4838983492452781
6,64,6001,49,4025,4,42,6,0.008920713458419133,0.03419606825727335
6,64,6001,49,4025,4,42,7,0.00016846209136447626,0.0010516152578808632
6,64,6013,49,4005,4,42,3,0.0046432929753363284,0.01355899349125702
6,64,6013,49,4005,4,42,7,1.5024651857327396e-05,9.379055554598997e-05
6,64,6013,49,4015,4,42,6,0.00021254137499059235,0.0008147419374639372
6,64,6013,49,4025,4,42,3,0.011787874495638893,0.03442206089753474
6,64,6013,49,4025,4,42,6,0.0006345740637348486,0.002432533910983587
6,64,6013,49,4025,4,42,7,3.814291094177934e-05,0.00023810500511704122
6,64,6041,49,4005,4,42,7,5.791822116937018e-07,2.0047240023511617e-06
6,64,6041,49,4015,4,42,6,0.0009765042454278807,0.00374326627414021
6,64,6041,49,4025,4,42,7,1.4703632223545817e-06,5.089369777791954e-06
6,64,6055,49,4025,4,42,7,3.560722583803787e-06,1.2324732848045995e-05
6,64,6075,49,4025,4,42,7,3.1135007825468103e-05,0.00019128144553877903
6,64,6077,49,4005,4,42,3,0.07988909727023523,0.23328610872999184
6,64,6077,49,4005,4,42,7,5.430235127026527e-05,0.0004000704785732168
6,64,6077,49,4025,4,42,3,0.20281353280819173,0.5922407622977798
6,64,6077,49,4025,4,42,6,0.005797636088362854,0.022224271672057604
6,64,6077,49,4025,4,42,7,0.0001844219292857989,0.0011768304120250408
6,64,6081,49,4005,4,42,7,5.508064392206751e-06,1.9065069110569e-05
6,64,6081,49,4025,4,42,7,5.6603367284017503e-05,0.0003624022701968244
6,64,6085,49,4005,4,42,7,1.920347816326073e-05,0.0001198766468900993
6,64,6085,49,4025,4,42,7,4.875164924346888e-05,0.0003043294653179097
6,64,6087,49,4005,4,42,7,1.1329676109638627e-05,7.403884476157738e-05
6,64,6087,49,4025,4,42,7,2.876251848979761e-05,0.0001879615640209195
6,64,6095,49,4005,4,42,7,1.3041995677440003e-05,8.522876417637878e-05
6,64,6095,49,4025,4,42,7,3.310956449117708e-05,0.0002163692837962236
6,64,6097,49,4025,4,42,3,0.08643052503195123,0.2523878920798161
6,64,6097,49,4025,4,42,7,0.00011315122434489409,0.0007789416208568831
6,65,6019,49,4005,4,42,2,1.9484248705156613,0.6324392587317527
6,65,6019,49,4005,4,42,7,0.0011354989649547244,0.0008539566194144668
6,65,6019,49,4025,4,42,2,4.946443819034799,1.605566275409274
6,65,6019,49,4025,4,42,7,0.0028826781682550697,0.002167929852336889
6,65,6039,49,4005,4,42,2,0.034981907269845285,0.011354777819536171
6,65,6039,49,4005,4,42,7,6.524407143164853e-05,4.9067069540506454e-05
6,65,6039,49,4025,4,42,2,0.08880816582226225,0.02882624391213685
6,65,6039,49,4025,4,42,7,0.00016563437407588188,0.0001245660053510582
6,69,6005,49,4005,4,42,7,0.0006924365458048957,0.0010315278139983637
6,69,6005,49,4025,4,42,7,0.001757880698353004,0.002618727802609246
6,69,6007,49,4015,4,42,3,0.00015751076185120888,0.005578309468498271
6,69,6007,49,4015,4,42,7,0.011952998922649706,0.01272648629718167
6,69,6007,49,4025,4,42,3,0.00016946123588652332,0.00043135587316569553
6,69,6007,49,4025,4,42,7,0.04964619550439396,0.0799412959174241
6,69,6009,49,4005,4,42,3,1.1333608815629012e-05,0.00027858109720332885
6,69,6009,49,4025,4,42,3,2.877250240528369e-05,0.0007072306288087191
6,69,6011,49,4015,4,42,3,0.0005462394662196095,0.0013904277321953695
6,69,6011,49,4015,4,42,7,0.0006553300265592523,0.0012637713416789995
6,69,6021,49,4015,4,42,3,0.0003772527852811911,0.0009602798170793957
6,69,6025,49,4005,4,42,7,0.00042938665449501203,0.0004011177383699562
6,69,6025,49,4025,4,42,7,0.001090078963394042,0.001018312991016268
6,69,6027,49,4001,4,42,3,2.10807654754412e-06,2.4388581359325657e-05
6,69,6027,49,4001,4,42,7,9.837438208622424e-07,1.8971009994566369e-06
6,69,6027,49,4005,4,42,7,1.6680344391373363e-05,1.5582184372657052e-05
6,69,6027,49,4025,4,42,7,4.234619854356727e-05,3.9558312328866664e-05
6,69,6029,49,4001,4,42,3,8.226316982676713e-05,0.0011523954734520491
6,69,6029,49,4001,4,42,7,0.004815324850263945,0.007192392861698384
6,69,6029,49,4005,4,42,3,0.0008642610751699751,0.04661189890656048
6,69,6029,49,4005,4,42,6,0.007678812155510665,0.012475319461818188
6,69,6029,49,4005,4,42,7,0.0020376791334519805,0.003937525401130343
6,69,6029,49,4015,4,42,7,0.0013529424437198107,0.0012638707036851248
6,69,6029,49,4025,4,42,6,0.019494112141004768,0.0316709500972771
6,69,6029,49,4025,4,42,7,0.004043397894639478,0.003801376151158232
6,69,6031,49,4005,4,42,3,0.00010659866082646852,0.005749149354019986
6,69,6031,49,4005,4,42,7,0.000762442469399942,0.001470518614956788
6,69,6031,49,4025,4,42,3,0.0010692749182633033,0.01662823713986096
6,69,6031,49,4025,4,42,7,0.0019356039317722602,0.0037331887022174774
6,69,6033,49,4015,4,42,7,0.006456764183828705,0.007178769210607071
6,69,6033,49,4025,4,42,7,0.001166646040389623,0.003316459663778216
6,69,6047,49,4005,4,42,3,0.00016677892046443449,0.00295226506469972
6,69,6047,49,4005,4,42,7,0.04022746412693773,0.06028678804855984
6,69,6047,49,4025,4,42,3,0.00042339972803686655,0.007494881379527595
6,69,6047,49,4025,4,42,7,0.10212500071068858,0.1530493757418207
6,69,6049,49,4015,4,42,7,0.0008500827697137847,0.0012663745529797755
6,69,6049,49,4025,4,42,7,0.002538049251408716,0.003780950632931346
6,69,6053,49,4005,4,42,7,0.08962759020336551,0.13351888018699246
6,69,6053,49,4015,4,42,7,1.6067668004235597e-06,1.1247367602964916e-05
6,69,6053,49,4025,4,42,3,0.002031426876640465,0.04031518472093691
6,69,6053,49,4025,4,42,7,0.22831545078900323,0.34046495061278353
6,69,6079,49,4005,4,42,3,0.0006475862737397028,0.0114633571617853
6,69,6079,49,4005,4,42,7,0.011600469557198508,0.017319451896703576
6,69,6079,49,4025,4,42,3,0.0016440198282748125,0.02910189304004031
6,69,6079,49,4025,4,42,7,0.029451538270690386,0.04397961040088693
6,69,6083,49,4005,4,42,3,0.0007236547034768532,0.01221293772824163
6,69,6083,49,4005,4,42,7,0.09711450950248478,0.09722076003586129
6,69,6083,49,4025,4,42,3,0.0018371338763404316,0.031004844606674374
6,69,6083,49,4025,4,42,7,0.00021082172000372028,0.0004362684471978389
6,69,6089,49,4015,4,42,7,0.010510899964781335,0.029879650344986707
6,69,6099,49,4005,4,42,3,0.00037427959913400514,0.0009527117068865586
6,69,6099,49,4005,4,42,7,0.05190014124230834,0.07731602204741128
6,69,6099,49,4025,4,42,3,0.0013712095782393615,0.02512592036046549
6,69,6099,49,4025,4,42,7,0.13604018281891178,0.20454676063347263
6,69,6103,49,4015,4,42,7,0.006348915285793531,0.009458025786901057
6,69,6107,49,4001,4,42,3,8.889232544506543e-05,0.0017519725037495346
6,69,6107,49,4001,4,42,7,0.00517453032138032,0.008622286617712412
6,69,6107,49,4005,4,42,3,0.00418652132055649,0.08251185018788731
6,69,6107,49,4005,4,42,7,0.004124592229239829,0.007955526737324865
6,69,6107,49,4015,4,42,7,0.011531380735067577,0.010772205685276884
6,69,6107,49,4025,4,42,7,7.28784625950435e-07,5.101492381653045e-06
6,69,6109,49,4001,4,42,7,3.411691545635217e-05,5.082421982818618e-05
6,69,6109,49,4005,4,42,3,2.889858943908795e-06,5.115532333614865e-05
6,69,6109,49,4005,4,42,7,0.0016067888114583056,0.002393645107674061
6,69,6109,49,4025,4,42,3,7.3364516781172914e-06,0.0001298674312547917
6,69,6109,49,4025,4,42,7,0.0040791362834681705,0.006076719316708229
8,81,8001,49,4001,4,42,4,0.0007406820647305168,0.0007809437310785623
8,81,8001,49,4005,4,42,7,3.423855407928131e-06,4.460863645812656e-05
8,81,8005,49,4001,4,42,4,2.46434780699185e-05,2.598303729370964e-05
8,81,8005,49,4001,4,42,7,1.0398369099936023e-08,1.3547799532140742e-07
8,81,8005,49,4005,4,42,4,0.0011606226503337279,0.0012237112603174485
8,81,8005,49,4005,4,42,7,4.897272483078522e-07,6.3805453737379956e-06
8,81,8013,49,4001,4,42,4,0.00012656645132467782,0.0001334462942110373
8,81,8013,49,4005,4,42,4,0.005960842449390023,0.006284859272907849
8,81,8013,49,4005,4,42,7,2.400306437896819e-06,3.127304880582957e-05
8,81,8031,49,4001,4,42,4,0.000520165598178726,0.0005484405284853251
8,81,8031,49,4001,4,42,7,1.7276028759617734e-07,2.250854649391501e-06
8,81,8031,49,4005,4,42,3,0.0001092930949310162,0.02629760007263221
8,81,8031,49,4005,4,42,4,0.02449800200514547,0.025829653505690137
8,81,8031,49,4005,4,42,7,8.136412493942887e-06,0.00010600747513321268
8,81,8031,49,4025,4,42,3,0.0002774611236314349,0.06676141497839452
8,81,8035,49,4005,4,42,4,6.775609915332399e-05,7.143915506497042e-05
8,81,8035,49,4005,4,42,7,2.819124498599901e-08,3.672973443827189e-07
8,81,8035,49,4025,4,42,4,0.00017201162997378935,0.00018136176167504481
8,81,8035,49,4025,4,42,7,7.156878954998421e-08,9.324535456114176e-07
8,81,8059,49,4001,4,42,4,1.7800245425308982e-06,1.8767823251684258e-06
8,81,8059,49,4005,4,42,4,8.383300426789652e-05,8.83899614395493e-05
8,81,8059,49,4025,4,42,4,0.0002128258841626819,0.00022439457894605453
8,81,8059,49,4025,4,42,7,1.3959260840809519e-07,1.8187204711680542e-06
8,81,8123,49,4001,4,42,3,5.968970511221696e-05,0.014362261353154975
8,81,8123,49,4001,4,42,4,0.0002778835906914844,0.0002929886633599956
8,81,8123,49,4001,4,42,7,9.229224157500755e-08,1.2024547072846264e-06
8,81,8123,49,4005,4,42,3,0.0028111788258307732,0.6764128743998971
8,81,8123,49,4005,4,42,4,0.013087356768292004,0.013798753488522456
8,81,8123,49,4005,4,42,7,4.346645620318487e-06,5.663146108334884e-05
8,89,8029,49,4001,4,42,6,4.510215787985117e-05,3.202072208471009e-05
8,89,8041,49,4015,4,42,4,0.0001637170148411302,0.0013349233517815232
8,89,8041,49,4025,4,42,4,0.0004888016341047618,0.003985613324238828
8,89,8051,49,4001,4,42,6,6.216846798213428e-05,4.497840285782155e-05
8,89,8063,49,4005,4,42,4,0.0002190987007257406,0.0017864970982252695
8,89,8063,49,4025,4,42,4,0.0020250260822126985,0.013157091169456842
8,89,8067,49,4001,4,42,6,0.01165195598720123,0.008380176850289373
8,89,8069,49,4015,4,42,4,0.0018271516148344726,0.012071280165248595
8,89,8069,49,4025,4,42,4,0.005455234423587048,0.03604061237150994
8,89,8075,49,4001,4,42,4,5.4693992202374714e-06,3.990392310460488e-05
8,89,8075,49,4005,4,42,4,0.00025758980127378714,0.0018793368720510704
8,89,8075,49,4025,4,42,4,0.00024566187216336366,0.0014420116908876234
8,89,8077,49,4001,4,42,6,0.0026665812868294394,0.0019187520467774922
8,89,8083,49,4001,4,42,6,0.001904987697750948,0.0013669170629455165
8,89,8083,49,4005,4,42,6,7.580195679348407e-06,5.381634728935424e-06
8,89,8085,49,4001,4,42,6,0.005615603960015362,0.004052759687441678
8,89,8087,49,4005,4,42,4,0.00014959651366686961,0.0012197869575913984
8,89,8087,49,4015,4,42,4,0.00024508918472620204,0.0014386500704117262
8,89,8087,49,4025,4,42,4,0.0011115293671405476,0.007391964082730284
8,89,8089,49,4015,4,42,4,4.502061405143401e-05,0.00029641271338864446
8,89,8089,49,4025,4,42,4,0.00013441577674803902,0.0008849844887191057
8,89,8125,49,4001,4,42,4,9.356149205008363e-06,7.628860121006819e-05
8,89,8125,49,4005,4,42,4,0.0006970644884767348,0.005097479622531721
8,89,8125,49,4025,4,42,4,0.000650976079431421,0.0038195841830470155
10,109,10005,49,4005,4,42,7,0.0012394271263985207,0.012005431381193516
10,109,10005,49,4025,4,42,7,0.0031465193969195675,0.03047805062898562
16,160,16001,49,4001,4,42,3,5.080804922304325e-07,0.001911195579573995
16,160,16001,49,4001,4,42,7,5.713848087573324e-05,0.0039235090201336816
16,160,16001,49,4005,4,42,7,0.007968451027580072,0.4940439637099645
16,160,16001,49,4025,4,42,7,0.006831674182873989,0.4691082938906805
16,160,16015,49,4001,4,42,3,1.5593084577855826e-08,5.8654946948062476e-05
16,160,16027,49,4001,4,42,3,1.735564959752129e-06,0.006528501152603609
16,160,16049,49,4001,4,42,3,1.2964984895389476e-08,4.876908718249704e-05
16,160,16049,49,4005,4,42,3,6.10605982164166e-07,0.0022968554625087275
16,160,16049,49,4025,4,42,3,1.5501383871897847e-06,0.005831000557253093
16,160,16059,49,4001,4,42,3,2.9363191988377548e-09,1.1045258298348095e-05
16,160,16059,49,4005,4,42,3,1.3829048647726672e-07,0.0005201934939328863
16,160,16059,49,4025,4,42,3,3.510764681861995e-07,0.0013206092427292078
16,160,16061,49,4001,4,42,3,3.9661250947724036e-08,0.00014918976156495876
16,160,16061,49,4005,4,42,3,1.8679078521261173e-06,0.007026322176557603
16,160,16061,49,4015,4,42,3,1.5882762150205004e-06,0.0059744598104211144
16,160,16061,49,4025,4,42,3,4.742036190099808e-06,0.01783764333267944
16,160,16087,49,4001,4,42,3,7.574451632881058e-08,0.0002849205726224538
16,160,16087,49,4025,4,42,3,9.0562760641678e-06,0.034066088042973584
17,171,17031,49,4015,4,42,6,0.001864460674239479,0.003997689248898065
17,171,17031,49,4025,4,42,6,0.0055666262005613296,0.011935699166031304
17,171,17043,49,4015,4,42,6,0.0015185931872704268,0.0032560963833024588
17,171,17091,49,4015,4,42,6,0.0002631594567172868,0.0005642541810615986
17,171,17097,49,4025,4,42,6,0.0003187671852271028,0.0006834856679418525
17,171,17197,49,4015,4,42,6,0.0005084756143076028,0.0010902495958910485
19,190,19001,49,4005,4,42,7,0.01806766978894132,0.007442820052489802
19,190,19001,49,4025,4,42,4,0.0029423093832776264,0.0013387468133451738
19,190,19007,49,4001,4,42,7,0.0014103505941071256,0.0005809817096218082
19,190,19007,49,4005,4,42,4,0.002495044420578859,0.0011352418566818773
19,190,19011,49,4001,4,42,4,0.0022115246934143423,0.0010063599355851387
19,190,19011,49,4001,4,42,7,0.17596842817399785,0.07248866960255006
19,190,19011,49,4015,4,42,3,1.220421098853149e-05,2.3310853377039014e-06
19,190,19011,49,4015,4,42,4,0.0001589029877374675,5.960384917419442e-05
19,190,19011,49,4025,4,42,3,3.6437497226188144e-05,6.95980392394169e-06
19,190,19011,49,4025,4,42,4,0.0002853922082978022,0.00014318467190458408
19,190,19013,49,4001,4,42,4,0.0040429668896192015,0.0018395444988549827
19,190,19013,49,4001,4,42,7,0.31798918612100496,0.13099289053782334
19,190,19013,49,4025,4,42,4,0.004548430465103121,0.0022820017677112605
19,190,19013,49,4025,4,42,5,0.006458515641336035,0.024116196512405645
19,190,19017,49,4001,4,42,7,0.13329777911620638,0.054910865371565455
19,190,19019,49,4001,4,42,4,0.004357366801869838,0.0019962882207759246
19,190,19019,49,4001,4,42,7,0.3425593465891868,0.14111435529568636
19,190,19019,49,4015,4,42,3,5.990013839896173e-05,1.1441324185518351e-05
19,190,19019,49,4015,4,42,4,7.734475954408612e-05,1.4226866220670907e-05
19,190,19019,49,4025,4,42,3,0.00017884082214011962,3.415978457480832e-05
19,190,19019,49,4025,4,42,4,0.0004926458210077397,0.00017378521903234476
19,190,19021,49,4005,4,42,7,0.3266779288824192,0.13457214284932847
19,190,19021,49,4025,4,42,4,0.05590705655872018,0.0254376355650676
19,190,19023,49,4001,4,42,4,0.005119821741921042,0.0023295120087802805
19,190,19023,49,4001,4,42,7,0.4073814400980151,0.16781725517418508
19,190,19025,49,4005,4,42,7,0.34106288639511473,0.14049790148231134
19,190,19025,49,4025,4,42,4,0.06187157425805176,0.028151483098744032
19,190,19027,49,4005,4,42,7,0.5578403058709128,0.2297974815304812
19,190,19027,49,4025,4,42,4,0.0954677582221481,0.04343770163106903
19,190,19031,49,4001,4,42,4,0.06633782657131504,0.030183621896233824
19,190,19031,49,4025,4,42,4,0.00010327918806893564,5.1816399425983445e-05
19,190,19033,49,4001,4,42,4,0.008217083412202491,0.0030756972750222373
19,190,19033,49,4001,4,42,7,0.4650363168032434,0.1915676821787869
19,190,19033,49,4015,4,42,4,0.0004356527362954104,0.00021857216944655108
19,190,19033,49,4015,4,42,5,0.00014104355781405939,0.0005266588092289685
19,190,19033,49,4025,4,42,4,0.001300706402508319,0.0006525799025774584
19,190,19033,49,4025,4,42,5,0.0004211066370002092,0.0015724186445532108
19,190,19035,49,4005,4,42,7,0.02797858107282036,0.011525534099392064
19,190,19035,49,4015,4,42,4,0.004162004645119662,0.001893706517556932
19,190,19035,49,4025,4,42,4,0.01242628735724422,0.005653944039933218
19,190,19035,49,4025,4,42,7,0.07102890211845292,0.029259740916735763
19,190,19041,49,4005,4,42,7,0.10319368544393033,0.04250974476977167
19,190,19041,49,4025,4,42,4,0.016005041534315024,0.007282272378730212
19,190,19043,49,4001,4,42,4,0.02779529826204385,0.012646823337401143
19,190,19043,49,4025,4,42,4,0.0002846500323005623,0.00014281231336230258
19,190,19045,49,4001,4,42,4,0.03327753787514396,0.015305825438622621
19,190,19045,49,4005,4,42,4,0.000990332482762167,0.0004968616083337023
19,190,19045,49,4005,4,42,5,4.321488586457656e-05,0.0001613650469623575
19,190,19045,49,4025,4,42,3,0.003062350436309032,0.0005849292680779937
19,190,19045,49,4025,4,42,4,0.006249380866207225,0.0019484394475989153
19,190,19045,49,4025,4,42,5,0.00010970913393163384,0.00040965558961684247
19,190,19047,49,4005,4,42,7,0.0620250287995676,0.02555067330200134
19,190,19047,49,4015,4,42,4,0.008360394692444088,0.003803968344195484
19,190,19047,49,4025,4,42,4,0.02496120877474484,0.011357316431220498
19,190,19047,49,4025,4,42,7,0.15746222755300765,0.06486520057271365
19,190,19049,49,4001,4,42,4,1.3810023864948278e-05,2.42024025194891e-06
19,190,19049,49,4025,4,42,4,0.007683466698841001,0.003497485195982085
19,190,19053,49,4025,4,42,4,0.005938697379840483,0.0027020993230243875
19,190,19055,49,4001,4,42,4,0.040170258683198734,0.01827741369042472
19,190,19057,49,4001,4,42,4,0.02732841422056076,0.012463572848679114
19,190,19057,49,4015,4,42,4,0.0006622989041911758,0.00012182386969157302
19,190,19057,49,4025,4,42,3,0.0005047650754789237,9.641348117790172e-05
19,190,19059,49,4001,4,42,7,0.0027879212621231913,0.0011484600126571724
19,190,19059,49,4005,4,42,7,0.13130145651465142,0.054088497569648564
19,190,19059,49,4025,4,42,4,0.020607034110687213,0.009376172813426644
19,190,19061,49,4001,4,42,4,0.023714446346007605,0.010800190141022166
19,190,19061,49,4005,4,42,4,0.00043488277225149814,0.0002181858693101056
19,190,19061,49,4005,4,42,5,0.001571430701988641,0.005867746355251703
19,190,19061,49,4025,4,42,3,0.00017885413728810858,3.4162327856490006e-05
19,190,19061,49,4025,4,42,4,0.001334353111034168,0.000596271454550003
19,190,19063,49,4001,4,42,7,0.0064370029483869036,0.002651667601956838
19,190,19063,49,4005,4,42,4,0.003705334904086455,0.0016859223993965454
19,190,19063,49,4025,4,42,4,0.009406691123236216,0.0042800318134208135
19,190,19065,49,4001,4,42,4,0.1635578548999628,0.07441860406976683
19,190,19065,49,4001,4,42,7,0.7896156598353252,0.3252753307667512
19,190,19065,49,4025,4,42,4,0.00014221959125788498,7.13532637562941e-05
19,190,19067,49,4001,4,42,4,0.004239246026149025,0.0019352556029675475
19,190,19067,49,4001,4,42,7,0.3372396688192149,0.1389229601217849
19,190,19067,49,4015,4,42,3,0.0006558516128838814,0.00012527201307317243
19,190,19067,49,4015,4,42,4,4.585448295080047e-06,2.3005740541499114e-06
19,190,19067,49,4025,4,42,3,0.0019581430825560482,0.0003740183313089357
19,190,19067,49,4025,4,42,4,1.3690541706450212e-05,6.868707923478348e-06
19,190,19069,49,4001,4,42,7,0.02805693177792011,0.011557809993619448
19,190,19069,49,4005,4,42,4,0.06016306358904861,0.02737411304150475
19,190,19071,49,4015,4,42,4,0.002504935900349146,0.0011397424666778901
19,190,19071,49,4025,4,42,4,0.007478860780637314,0.0034028715995790557
19,190,19071,49,4025,4,42,7,0.0573838989200085,0.023638800053413702
19,190,19075,49,4001,4,42,4,0.005991916670007226,0.0027263140284949088
19,190,19075,49,4001,4,42,7,0.4767735606863033,0.19640273811872166
19,190,19079,49,4001,4,42,7,0.014403184120961813,0.0059332669263643155
19,190,19079,49,4005,4,42,4,0.0367954732317489,0.0167418908475416
19,190,19081,49,4001,4,42,7,0.02353029032782551,0.009693099261756457
19,190,19081,49,4005,4,42,4,0.05045649198091628,0.022957636010656847
19,190,19081,49,4015,4,42,4,9.654360855390987e-05,4.8437078915803854e-05
19,190,19081,49,4025,4,42,4,0.00028824538285965643,0.00014461614358337395
19,190,19083,49,4005,4,42,4,3.4888855881926504e-06,2.5343851708744958e-05
19,190,19085,49,4025,4,42,4,0.02333397014119884,0.0106169250408409
19,190,19085,49,4025,4,42,7,0.14269638812731725,0.05878254093518589
19,190,19087,49,4001,4,42,4,0.0002897218547151426,0.00013192367031908075
19,190,19087,49,4001,4,42,7,0.02305183513465718,0.009496003789704454
19,190,19087,49,4015,4,42,3,1.0303782756376107e-05,1.9680909260619725e-06
19,190,19087,49,4015,4,42,4,1.3304536867317568e-05,2.4472487503361006e-06
19,190,19087,49,4025,4,42,3,3.07634845019896e-05,5.876029816811466e-06
19,190,19087,49,4025,4,42,4,3.972268470728356e-05,7.306627166308434e-06
19,190,19089,49,4001,4,42,7,0.3591473163528625,0.14794762574115058
19,190,19091,49,4001,4,42,7,0.008228025370100511,0.003389463773267646
19,190,19091,49,4005,4,42,4,0.004681716906562349,0.00213017489774058
19,190,19091,49,4025,4,42,4,0.011885420888108041,0.005407850523691662
19,190,19095,49,4001,4,42,4,0.0018546930961505464,0.0008438828650435482
19,190,19095,49,4001,4,42,7,0.14587612618433007,0.06009240648225745
19,190,19095,49,4015,4,42,4,6.266877947894617e-06,3.1441673484618193e-06
19,190,19095,49,4025,4,42,4,1.87107014175561e-05,9.387381875477913e-06
19,190,19097,49,4001,4,42,4,0.022217447427427102,0.01010890870728174
19,190,19097,49,4005,4,42,4,1.2326512483669444e-05,6.18435820735601e-06
19,190,19097,49,4025,4,42,4,3.1293175532585625e-05,1.5700159083566455e-05
19,190,19099,49,4001,4,42,7,0.025366303748396442,0.010449429085297382
19,190,19099,49,4005,4,42,4,0.05289020509015818,0.02406497220314267
19,190,19101,49,4015,4,42,4,1.405166903891202e-06,7.049889809706882e-07
19,190,19101,49,4025,4,42,4,4.195335955022516e-06,2.104850044198036e-06
19,190,19103,49,4001,4,42,4,0.001052294117315813,0.0006264629750597164
19,190,19103,49,4001,4,42,7,0.08200484829346152,0.03378118686082778
19,190,19103,49,4015,4,42,3,0.0012379840954365793,0.0002364631827403442
19,190,19103,49,4015,4,42,4,0.001598520216150367,0.0002940332790516522
19,190,19103,49,4025,4,42,3,0.003696186675724072,0.0007059961986312459
19,190,19103,49,4025,4,42,4,0.005364028480002692,0.0011745964179822824
19,190,19103,49,4025,4,42,5,0.0017681541963636086,0.006602314902022682
19,190,19105,49,4001,4,42,4,0.010417110406955796,0.004739771228966316
19,190,19107,49,4001,4,42,4,0.0011669255544820526,0.0005309495583138315
19,190,19107,49,4001,4,42,7,0.09285163367693763,0.03824942613574535
19,190,19107,49,4015,4,42,4,4.735252424324753e-06,2.375732570998672e-06
19,190,19107,49,4025,4,42,4,1.4137804339729409e-05,7.093104916596104e-06
19,190,19109,49,4001,4,42,7,0.017553828915536057,0.0072311477560041545
19,190,19109,49,4005,4,42,4,0.03617892776201802,0.016461363487782738
19,190,19111,49,4001,4,42,4,9.386551165578556e-06,6.818548639200436e-05
19,190,19111,49,4015,4,42,3,0.0005358229652434989,0.00010234574435478874
19,190,19111,49,4015,4,42,4,0.0006918698272269098,0.00012726317247732086
19,190,19111,49,4025,4,42,3,0.0015997796029694163,0.00030556852708824776
19,190,19111,49,4025,4,42,4,0.004887879807512175,0.0017958940852104558
19,190,19111,49,4025,4,42,5,1.6310529042043122e-05,6.090376573243723e-05
19,190,19113,49,4001,4,42,4,0.003481062082415225,0.0016760339604219385
19,190,19113,49,4001,4,42,7,0.2727295222905497,0.11234856409942222
19,190,19113,49,4015,4,42,3,0.00040315851626324215,7.700595367573104e-05
19,190,19113,49,4015,4,42,4,0.0005205697237432674,9.575407386205203e-05
19,190,19113,49,4025,4,42,3,0.0012036900486119538,0.0002299127920761268
19,190,19113,49,4025,4,42,4,0.012269830757688244,0.00566202830667127
19,190,19113,49,4025,4,42,5,0.0020473651857578572,0.007644893020988419
19,190,19119,49,4025,4,42,4,0.04060697137117776,0.01847611737627847
19,190,19119,49,4025,4,42,7,0.1763516272400021,0.07264652513820401
19,190,19121,49,4025,4,42,4,0.01079244457705085,0.004910547771708591
19,190,19123,49,4015,4,42,4,8.254490694535229e-05,4.141376349711544e-05
19,190,19123,49,4025,4,42,4,0.00024645016549481555,0.00012364698496037172
19,190,19125,49,4001,4,42,7,0.016413093641255178,0.006761231741754392
19,190,19125,49,4005,4,42,4,0.009537092368226956,0.0043393642045622
19,190,19125,49,4015,4,42,4,0.0004432785859303128,0.00022239814908516759
19,190,19125,49,4025,4,42,4,0.02421170675361741,0.011016294019341313
19,190,19127,49,4001,4,42,7,0.19779753505234104,0.08148098107934708
19,190,19127,49,4025,4,42,5,0.0005715216158868704,0.0021340704838742467
19,190,19131,49,4001,4,42,4,0.002052423707757974,0.0009338500274686486
19,190,19131,49,4001,4,42,7,0.16331024162650346,0.06727423930996676
19,190,19131,49,4015,4,42,4,9.526265182045548e-05,4.779440765754635e-05
19,190,19131,49,4025,4,42,4,0.00028442089494593763,0.00014269735242087152
19,190,19133,49,4015,4,42,4,0.004404393072393318,0.002003992926066046
19,190,19133,49,4025,4,42,4,0.013149974259637464,0.005983220607497758
19,190,19133,49,4025,4,42,7,0.09778939259763593,0.04028349314818476
19,190,19137,49,4015,4,42,4,0.004675790194052384,0.0021274782515172353
19,190,19137,49,4025,4,42,4,0.013960270957796858,0.006351904515685753
19,190,19137,49,4025,4,42,7,0.10744105837248233,0.044259413253439565
19,190,19141,49,4005,4,42,7,0.4811793994457515,0.1982176852286655
19,190,19141,49,4025,4,42,4,0.08234815248074871,0.03746829865853798
19,190,19145,49,4015,4,42,4,0.0015752253111191133,0.0007167253986092428
19,190,19145,49,4025,4,42,4,0.004703070764546865,0.0021398908744124662
19,190,19145,49,4025,4,42,7,0.036195780301913234,0.014910538137656582
19,190,19147,49,4001,4,42,4,4.797462544688283e-05,8.407669727017751e-06
19,190,19147,49,4001,4,42,7,0.03597004050661769,0.014817546584528959
19,190,19147,49,4005,4,42,4,0.021032911779953256,0.009571088123708455
19,190,19147,49,4025,4,42,4,0.05339601133438609,0.024298011387231738
19,190,19149,49,4015,4,42,4,0.012141991568447887,0.005524589838277318
19,190,19149,49,4025,4,42,4,0.036251731841695715,0.01649448924614825
19,190,19149,49,4025,4,42,7,0.28804032041046074,0.11865571475015226
19,190,19151,49,4001,4,42,7,0.00294746620000947,0.0012141831677095216
19,190,19151,49,4005,4,42,7,0.13881547170891634,0.05718383103632607
19,190,19151,49,4025,4,42,4,0.02194064050425582,0.009982961929416171
19,190,19153,49,4001,4,42,4,0.016766194316624523,0.0029383163095094123
19,190,19153,49,4001,4,42,7,0.030614780098166105,0.012611493450951984
19,190,19153,49,4005,4,42,4,0.016411745020532165,0.007492088299490885
19,190,19153,49,4015,4,42,5,0.003927490001482699,0.014665307933925169
19,190,19153,49,4025,4,42,4,0.041664308408720825,0.019020078434367194
19,190,19155,49,4015,4,42,4,0.005978837649825344,0.00272036309189739
19,190,19155,49,4025,4,42,4,0.01785071402699128,0.008122050881321502
19,190,19155,49,4025,4,42,7,0.13738269218143695,0.056593609921899476
19,190,19157,49,4001,4,42,4,0.001206011813368694,0.0005487337535543011
19,190,19157,49,4001,4,42,7,0.09596170610444156,0.0395305935302419
19,190,19157,49,4015,4,42,4,3.6677083973257657e-05,1.8401330107960832e-05
19,190,19157,49,4025,4,42,4,0.0001095049198015426,5.493992322789848e-05
19,190,19161,49,4005,4,42,7,0.01098644219992497,0.004525769690631096
19,190,19161,49,4025,4,42,4,0.006726274766633157,0.0030604459750874983
19,190,19161,49,4025,4,42,7,0.02789115450913925,0.011489519483844671
19,190,19163,49,4001,4,42,4,0.06310635738883907,0.028747144780796145
19,190,19163,49,4005,4,42,4,0.0013555111963166285,0.0006800761207364796
19,190,19163,49,4005,4,42,5,0.0017962897638333657,0.006707373542702592
19,190,19163,49,4025,4,42,3,0.0005947060193362738,0.00011359279868414117
19,190,19163,49,4025,4,42,4,0.004196978169016404,0.00186551615512472
19,190,19165,49,4025,4,42,4,0.011805150728798869,0.005371327709132251
19,190,19165,49,4025,4,42,7,0.05699226055439121,0.023477468021392348
19,190,19167,49,4001,4,42,4,8.964044363728579e-05,1.5709705646792468e-05
19,190,19167,49,4005,4,42,4,0.004221755101947014,0.0007398728439229318
19,190,19167,49,4005,4,42,7,0.1826253158102444,0.07523091679684807
19,190,19167,49,4015,4,42,4,0.026745213574577275,0.012177199379053417
19,190,19167,49,4025,4,42,4,0.07985183526843731,0.03635685002610638
19,190,19167,49,4025,4,42,7,0.463628789725819,0.19098786359240288
19,190,19169,49,4001,4,42,4,0.022421409690859158,0.003929406550627852
19,190,19169,49,4001,4,42,7,0.04465423692746414,0.018394926070421345
19,190,19169,49,4005,4,42,4,0.025961586156685958,0.011911374329764843
19,190,19169,49,4015,4,42,4,0.0019014359641037991,0.0009539730824875346
19,190,19169,49,4025,4,42,4,0.06587151169824408,0.029971449255964507
19,190,19171,49,4001,4,42,4,0.003012317944585807,0.00137060061461124
19,190,19171,49,4001,4,42,7,0.2369261380784547,0.0975996701317075
19,190,19171,49,4015,4,42,4,6.237186995273901e-06,3.1292710437067308e-06
19,190,19171,49,4025,4,42,4,1.8622054637786644e-05,9.342906729669298e-06
19,190,19177,49,4001,4,42,4,0.0011962848083447665,0.00054430797934674
19,190,19177,49,4001,4,42,7,0.09409071183620406,0.038759853649537705
19,190,19179,49,4001,4,42,7,0.036244102168712274,0.014930443912080562
19,190,19179,49,4015,4,42,5,0.0001051327621297762,0.00039256734708305183
19,190,19179,49,4025,4,42,5,0.0003138895854951266,0.0011720685289587848
19,190,19181,49,4001,4,42,7,0.018386137260680082,0.007574009968644553
19,190,19181,49,4025,4,42,4,0.03528338572261828,0.016053893063945966
19,190,19183,49,4001,4,42,4,0.002122543410614903,0.0009657543979899613
19,190,19183,49,4001,4,42,7,0.16694320534282353,0.06877080724117529
19,190,19183,49,4025,4,42,4,6.216308219405108e-05,3.118795913042256e-05
19,190,19187,49,4001,4,42,4,0.002107346715899961,0.00036931763453201935
19,190,19187,49,4001,4,42,7,0.033152537833791976,0.013656900765991476
19,190,19187,49,4005,4,42,4,0.017775592869607153,0.008138014606888466
19,190,19187,49,4025,4,42,4,0.04512669326391694,0.02065988412517279
19,190,19191,49,4001,4,42,4,0.005875623181277784,0.0026734006474840037
19,190,19193,49,4005,4,42,4,0.0026868068484525607,0.00047086943132239404
19,190,19193,49,4015,4,42,4,0.01445005693741918,0.006586865441907147
19,190,19193,49,4025,4,42,4,0.0499637718637473,0.020861462751810143
19,190,19193,49,4025,4,42,7,0.3207907118376912,0.13214695478768473
19,190,19195,49,4001,4,42,4,0.0025590644677077985,0.0011643708920481724
19,190,19195,49,4001,4,42,7,0.20362337220109825,0.08388088422456892
19,190,19197,49,4001,4,42,7,0.04930632458762715,0.020311313281803432
19,190,19197,49,4005,4,42,4,0.10280652812281987,0.04677683206862125
20,209,20019,49,4005,4,42,7,3.832932388618017e-05,1.2616139854398515e-05
20,209,20019,49,4025,4,42,7,9.730621390313176e-05,3.2028449209002494e-05
20,209,20037,49,4001,4,42,7,7.87778377724029e-05,2.5929813469057785e-05
20,209,20041,49,4025,4,42,7,0.0006165338011209297,0.0002029327906488344
20,209,20111,49,4005,4,42,7,0.0030879757199084464,0.0010164106641964148
20,209,20111,49,4025,4,42,7,0.007839408459730956,0.002580350068198844
20,209,20113,49,4025,4,42,7,0.001833979550821825,0.0006036564216990412
20,209,20115,49,4025,4,42,7,0.0006007037405511082,0.00019772230849565256
20,209,20131,49,4005,4,42,7,0.002059641128647871,0.0006779331825955237
20,209,20147,49,4015,4,42,7,8.294860072522529e-06,2.7302624762797387e-06
20,209,20147,49,4025,4,42,7,2.47655453652991e-05,8.151606973994087e-06
20,209,20155,49,4015,4,42,7,0.0015274274664049898,0.000502754460027481
20,209,20155,49,4025,4,42,7,0.0045603631502795176,0.0015010486347638407
20,209,20161,49,4005,4,42,7,3.88060740784099e-05,1.2773062713738334e-05
20,209,20161,49,4025,4,42,7,9.851653413526586e-05,3.2426827467970883e-05
20,209,20197,49,4005,4,42,7,0.0003293046005546765,0.0001083909778224025
21,219,21001,49,4001,4,42,3,0.0004405698695691792,0.0502767968802475
21,219,21009,49,4001,4,42,3,0.0014027952069884991,0.1600836883269228
21,219,21027,49,4001,4,42,3,0.00013405540393917882,0.011088378447233769
21,219,21035,49,4005,4,42,3,0.0004880990487923175,0.05570071497982916
21,219,21035,49,4025,4,42,3,0.00123913144381931,0.1414067647652624
21,219,21047,49,4001,4,42,3,2.851579285353029e-05,0.0021753476262550238
21,219,21047,49,4005,4,42,3,0.002215619697166589,0.2528413066178343
21,219,21059,49,4001,4,42,3,0.0021667406946673856,0.16529136156462626
21,219,21083,49,4005,4,42,3,0.0002160966916340315,0.01648509047608183
21,219,21083,49,4025,4,42,3,0.0008696350883832903,0.09924071008609307
21,219,21085,49,4001,4,42,3,0.0003919377530339621,0.03235419797993554
21,219,21099,49,4001,4,42,3,0.0005515525153635366,0.06294187528266243
21,219,21101,49,4001,4,42,3,1.3230345163165933e-05,0.0010092863310186577
21,219,21101,49,4005,4,42,3,0.00113934698283717,0.1300195968649476
21,219,21141,49,4001,4,42,3,0.0016725596734794431,0.12759240937686034
21,219,21145,49,4005,4,42,3,3.57136333916314e-05,0.002724440033018737
21,219,21145,49,4025,4,42,3,0.0005049195692648841,0.054190171106861064
21,219,21171,49,4001,4,42,3,0.00022852648654323636,0.02607890493493402
21,219,21213,49,4001,4,42,3,0.0006556650912701425,0.0522498603918303
21,219,21227,49,4001,4,42,3,0.0019865466434889146,0.1639880896960884
26,261,26049,49,4005,4,42,5,9.87203698957152e-05,0.0011862806879733734
26,261,26049,49,4025,4,42,5,0.0002506202681318959,0.00301159714467886
26,261,26087,49,4005,4,42,5,6.319336370921939e-06,7.593677683290174e-05
26,261,26091,49,4025,4,42,5,6.624317976209197e-06,7.960161104008291e-05
26,261,26091,49,4025,4,42,7,3.6046002749539536e-06,1.1750016207885334e-05
26,261,26093,49,4005,4,42,5,2.523803029164328e-05,0.00030327467339405587
26,261,26093,49,4005,4,42,7,9.693689936119932e-07,3.1598791870224536e-06
26,261,26093,49,4025,4,42,5,6.407149735656613e-05,0.0007699199267985156
26,261,26093,49,4025,4,42,7,2.460925919892935e-06,8.021948965067004e-06
26,261,26099,49,4001,4,42,7,1.288736655781178e-06,4.200930876674866e-06
26,261,26115,49,4005,4,42,5,6.798528010760826e-05,0.0008169501891383867
26,261,26115,49,4025,4,42,5,0.00017259344902769005,0.002073982053233292
26,261,26125,49,4005,4,42,5,0.0009796573470835753,0.011772125579595446
26,261,26125,49,4005,4,42,7,1.1085872635022964e-05,3.613692870334598e-05
26,261,26147,49,4001,4,42,5,5.5498902053281405e-06,6.669066959441273e-05
26,261,26147,49,4001,4,42,7,4.2607331534095654e-08,1.3888830880332856e-07
26,261,26161,49,4005,4,42,5,5.159390746815008e-05,0.0006199820372553948
26,261,26161,49,4005,4,42,7,5.701576613729449e-06,1.8585588556744142e-05
26,261,26161,49,4025,4,42,5,0.00013098085974859398,0.0015739412704596242
26,261,26161,49,4025,4,42,7,1.4474527002045214e-05,4.718302000287058e-05
26,261,26163,49,4005,4,42,5,0.003675668728022368,0.04416894742236824
26,261,26163,49,4005,4,42,7,7.385407443619496e-05,0.00024074418949400595
27,271,27003,49,4001,4,42,6,9.121238420971976e-08,2.1823020290864187e-07
27,271,27003,49,4005,4,42,3,0.001644013511428473,0.011639746224527995
27,271,27003,49,4005,4,42,6,4.295788070352251e-06,1.0277888363163698e-05
27,271,27003,49,4025,4,42,3,0.004173638201334847,0.029549689925797606
27,271,27003,49,4025,4,42,6,1.3763678926646014e-05,8.602299329153757e-05
27,271,27009,49,4001,4,42,6,3.895545459889825e-07,9.32028784816047e-07
27,271,27009,49,4005,4,42,6,1.8346672832970776e-05,4.3895334714987395e-05
27,271,27009,49,4025,4,42,3,0.002637789958934872,0.018675762396217908
27,271,27009,49,4025,4,42,6,6.615210312845862e-06,4.1345064455286626e-05
27,271,27019,49,4005,4,42,6,1.0819331971040707e-05,2.588579425736101e-05
27,271,27019,49,4025,4,42,6,2.746691369222579e-05,6.571596828942277e-05
27,271,27025,49,4001,4,42,6,1.5132919756536304e-07,3.620626933154103e-07
27,271,27037,49,4001,4,42,6,1.8609970368908348e-06,4.452528727231655e-06
27,271,27037,49,4005,4,42,3,0.0020018283072986555,0.014173103396082737
27,271,27037,49,4005,4,42,6,8.764652891492593e-05,0.0002096987153122154
27,271,27037,49,4025,4,42,3,0.0050820185100520325,0.035981094652903146
27,271,27037,49,4025,4,42,6,1.6759303920799138e-05,0.00010474564950499456
27,271,27049,49,4005,4,42,3,5.675884435507281e-05,0.0004018571256853534
27,271,27049,49,4005,4,42,6,1.1658782927383667e-05,2.789422276322453e-05
27,271,27049,49,4025,4,42,3,0.00014409302564558462,0.001020190065093623
27,271,27049,49,4025,4,42,6,5.510744353454243e-07,3.4442152209089004e-06
27,271,27053,49,4005,4,42,3,0.02495900489718396,0.17671173685643546
27,271,27053,49,4015,4,42,6,6.388678736005123e-05,0.0003992924210003201
27,271,27053,49,4025,4,42,3,0.06336313879542142,0.4486160548202636
27,271,27053,49,4025,4,42,6,0.0001907435588756604,0.0011921472429728774
27,271,27079,49,4005,4,42,6,9.47115203031558e-06,2.266020614703012e-05
27,271,27079,49,4025,4,42,3,0.0005349852324605861,0.0037877379330664134
27,271,27079,49,4025,4,42,6,2.404430477583396e-05,5.752720483616437e-05
27,271,27095,49,4001,4,42,6,1.0729078007384812e-08,2.566985712368573e-08
27,271,27095,49,4005,4,42,3,5.551643165008397e-06,3.930607450645918e-05
27,271,27095,49,4005,4,42,6,5.053024949334782e-07,1.2089615566460012e-06
27,271,27095,49,4025,4,42,3,1.40938926794621e-05,9.97858794737826e-05
27,271,27095,49,4025,4,42,6,6.881567143642996e-08,4.300979464776873e-07
27,271,27123,49,4001,4,42,6,1.7361630795971176e-06,4.153857224824051e-06
27,271,27123,49,4005,4,42,6,8.176728094697215e-05,0.00019563231974418848
27,271,27123,49,4025,4,42,3,0.019434728772711147,0.137599423170393
27,271,27131,49,4005,4,42,6,2.8717185323178322e-05,6.870730585918022e-05
27,271,27131,49,4025,4,42,6,7.290398823759546e-05,0.00017442644750255648
27,271,27139,49,4005,4,42,6,3.657534677628277e-06,8.750835116961638e-06
27,271,27139,49,4025,4,42,3,0.0002196161438051416,0.001554899739528395
27,271,27139,49,4025,4,42,6,9.285341237854215e-06,2.2215644508906216e-05
27,271,27141,49,4001,4,42,6,2.4567817967157552e-08,5.8779736397067535e-08
27,271,27141,49,4005,4,42,6,1.157059320971623e-06,2.7683224441584688e-06
27,271,27143,49,4025,4,42,6,2.8898369508724573e-06,6.914079810826654e-06
27,271,27145,49,4005,4,42,6,1.4196666470788596e-05,3.396623639859164e-05
27,271,27145,49,4025,4,42,3,0.0047869406235082285,0.033891919781794184
27,271,27145,49,4025,4,42,6,3.604091395976993e-05,8.622969385790228e-05
27,271,27163,49,4001,4,42,6,5.137080766538675e-07,1.2290723323953569e-06
27,271,27163,49,4005,4,42,3,0.0005508675777138182,0.0039001861987971054
27,271,27163,49,4015,4,42,6,6.65943144253739e-07,4.162144651585868e-06
27,271,27163,49,4025,4,42,6,1.9882728587982588e-06,1.2426705367489113e-05
27,271,27171,49,4005,4,42,6,2.079872372033098e-05,4.976198941683775e-05
27,279,27001,49,4001,4,42,6,1.2276417605343826e-12,6.95663664302817e-12
27,279,27001,49,4005,4,42,6,5.781768424608138e-11,3.276335440611279e-10
27,279,27005,49,4001,4,42,7,0.0015438181614581016,0.0036490247452646046
27,279,27005,49,4015,4,42,6,2.944109629534142e-10,1.6683287900693475e-09
27,279,27005,49,4025,4,42,6,8.790079634033959e-10,4.981045125952579e-09
27,279,27007,49,4001,4,42,6,3.377911078183897e-11,1.9141496109708759e-10
27,279,27007,49,4005,4,42,6,1.5908793787266007e-09,9.014983146117405e-09
27,279,27013,49,4001,4,42,7,0.0005690859393069062,0.0013451122201799607
27,279,27013,49,4015,4,42,6,2.0539822891119454e-08,1.1639232971634355e-07
27,279,27013,49,4025,4,42,6,6.132471327518541e-08,3.47506708559384e-07
27,279,27015,49,4015,4,42,6,2.3235309692883726e-08,1.316667549263411e-07
27,279,27015,49,4025,4,42,6,6.937249227169804e-08,3.9311078953962225e-07
27,279,27027,49,4001,4,42,7,0.0010173748841825934,0.002404704271704311
27,279,27027,49,4015,4,42,6,1.1352378018596495e-08,6.433014210538018e-08
27,279,27027,49,4025,4,42,6,3.389422249025073e-08,1.9206726077808755e-07
27,279,27035,49,4001,4,42,7,0.007611585581312917,0.01799102046492144
27,279,27035,49,4005,4,42,6,3.3683570585099095e-10,1.9087356664889485e-09
27,279,27035,49,4025,4,42,6,8.551209340680942e-10,4.845685293052533e-09
27,279,27039,49,4001,4,42,4,0.00016684931723462163,3.0030616519736134e-05
27,279,27039,49,4025,4,42,6,4.547244882185145e-09,2.576772099904916e-08
27,279,27041,49,4001,4,42,7,0.001846809268598505,0.004365185543960103
27,279,27041,49,4015,4,42,6,6.601769079478859e-09,3.7410024783713545e-08
27,279,27041,49,4025,4,42,6,1.971056897881366e-08,1.1169322421327742e-07
27,279,27043,49,4015,4,42,6,7.332497135834652e-09,4.1550817103063035e-08
27,279,27043,49,4025,4,42,6,2.189226688223265e-08,1.2405617899931832e-07
27,279,27045,49,4025,4,42,6,6.3482925288333115e-09,3.597365766338877e-08
27,279,27047,49,4015,4,42,6,2.3205657775643253e-08,1.314987273953118e-07
27,279,27047,49,4025,4,42,6,6.928396203789463e-08,3.926091182147364e-07
27,279,27055,49,4005,4,42,6,7.907290710876082e-10,4.480798069496448e-09
27,279,27055,49,4025,4,42,6,2.007414802284515e-09,1.1375350546278919e-08
27,279,27065,49,4005,4,42,6,2.3157638840482863e-10,1.312266200960696e-09
27,279,27065,49,4025,4,42,6,5.879003149638041e-10,3.3314351181282243e-09
27,279,27067,49,4001,4,42,7,0.0004236203553593684,0.0010012844763039616
27,279,27067,49,4005,4,42,4,0.0011946630467328213,0.00021502316234404408
27,279,27067,49,4025,4,42,4,0.0030328773424950725,0.0005458768302647079
27,279,27083,49,4001,4,42,7,0.00015327042269119907,0.0003622755445428341
27,279,27083,49,4005,4,42,7,0.007218507213020945,0.017061926139867692
27,279,27093,49,4015,4,42,6,2.051285573263224e-09,1.1623951581824936e-08
27,279,27093,49,4025,4,42,6,6.124419879018516e-09,3.470504598110493e-08
27,279,27099,49,4025,4,42,6,2.3450373706789995e-07,1.3288545100514332e-06
27,279,27103,49,4001,4,42,7,0.0007194173976827027,0.0017004411217954798
27,279,27109,49,4001,4,42,7,0.01648610116714198,0.038967148213244686
27,279,27109,49,4025,4,42,6,1.368736156253421e-07,7.75617155210272e-07
27,279,27111,49,4001,4,42,7,0.0015738726226033827,0.003720062562517087
27,279,27111,49,4015,4,42,6,3.543946674675368e-08,2.008236448982709e-07
27,279,27111,49,4025,4,42,6,1.0580982846788744e-07,5.995890279846959e-07
27,279,27119,49,4005,4,42,6,1.9164502434426136e-08,1.0859884712841478e-07
27,279,27119,49,4015,4,42,6,1.6295516588066875e-08,9.234126066571227e-08
27,279,27119,49,4025,4,42,6,4.8652702008754486e-08,2.7569864471627543e-07
27,279,27135,49,4001,4,42,6,2.4819845098250228e-12,1.4064578889008466e-11
27,279,27135,49,4005,4,42,6,1.1689289278515807e-10,6.623930591158956e-10
27,279,27137,49,4001,4,42,6,1.8865094461246768e-09,1.06902201947065e-08
27,279,27147,49,4025,4,42,6,1.972099025227965e-08,1.117522780962513e-07
27,279,27151,49,4015,4,42,6,4.921723834680636e-10,2.788976839652361e-09
27,279,27151,49,4025,4,42,6,1.4694542624899246e-09,8.326907487442908e-09
27,279,27153,49,4015,4,42,6,1.8088266460482426e-08,1.0250017660940042e-07
27,279,27153,49,4025,4,42,6,5.400522488506137e-08,3.060296076820145e-07
27,279,27157,49,4005,4,42,6,7.879699494986735e-09,4.465163047159151e-08
27,279,27157,49,4025,4,42,6,2.0004102520264704e-08,1.1335658094816668e-07
27,279,27159,49,4025,4,42,6,5.17141066290849e-11,2.930466042314812e-10
27,279,27161,49,4015,4,42,6,2.4079592739673397e-09,1.3645102552481601e-08
27,279,27161,49,4025,4,42,6,7.1893225582882655e-09,4.073949449696685e-08
27,279,27165,49,4015,4,42,6,1.9468779827378173e-08,1.1032308568847633e-07
27,279,27165,49,4025,4,42,6,5.812695401808356e-08,3.293860727691401e-07
27,279,27169,49,4001,4,42,4,0.002545768218917532,0.0004582037876903
27,279,27169,49,4005,4,42,6,1.5617960356348248e-08,8.850177535264008e-08
27,279,27169,49,4025,4,42,6,3.9649136407370845e-08,2.2467843964176806e-07
28,280,28001,49,4025,4,42,4,0.00016643295985319567,7.485878967676958e-05
28,280,28047,49,4001,4,42,4,0.0001738103529468742,7.817701894127141e-05
28,280,28049,49,4025,4,42,4,0.0052765575619489104,0.002373308226301529
28,280,28059,49,4001,4,42,4,9.681666741531414e-05,4.354653398967109e-05
28,280,28067,49,4005,4,42,4,0.009846936931035777,0.004428989193793207
28,280,28067,49,4025,4,42,4,0.024998305583143542,0.011243823949143243
28,280,28071,49,4025,4,42,4,4.813817703052332e-05,2.165175499450119e-05
28,280,28081,49,4005,4,42,4,0.00544299894501358,0.0024481708045993554
28,280,28103,49,4005,4,42,4,0.0012397179424169455,0.0005576046042308351
28,280,28107,49,4025,4,42,4,6.651491691931289e-05,2.9917308328967028e-05
28,280,28121,49,4005,4,42,4,0.004158245900762457,0.0018703101572190726
28,280,28121,49,4025,4,42,4,0.01055649106368144,0.0047481348944215926
28,280,28133,49,4025,4,42,4,0.007052611346603267,0.0031721478121464496
28,280,28149,49,4025,4,42,4,0.0033699439277729754,0.0015157449818484386
29,292,29189,49,4005,4,42,7,0.002589488303547687,0.17435887910554426
29,292,29189,49,4025,4,42,7,0.006573904186593786,0.4426428818973149
29,292,29510,49,4005,4,42,7,0.0014322087326906232,0.09643538800116863
29,292,29510,49,4025,4,42,7,0.0036359318445315695,0.24481941086512585
31,319,31001,49,4001,4,42,6,0.37336579471199294,0.09818125068276487
31,319,31003,49,4001,4,42,6,3.610587157531041,0.94944948853436
31,319,31011,49,4001,4,42,6,3.595951865227064,0.9456009536046384
31,319,31019,49,4005,4,42,6,7.0434319553730855,1.8521593790103792
31,319,31035,49,4001,4,42,6,0.33344265381904925,0.08768295662485036
31,319,31037,49,4001,4,42,6,2.202528364876452,0.5791826476623112
31,319,31041,49,4001,4,42,6,0.005301800941097759,0.0013941755100238089
31,319,31041,49,4005,4,42,6,0.24969650153847306,0.06566084831383387
31,319,31041,49,4025,4,42,6,0.6339016378613124,0.1666924407552795
31,319,31065,49,4025,4,42,6,1.1309800361881206,0.2974054828344499
31,319,31067,49,4001,4,42,6,3.270495272203791,0.8600180325161522
31,319,31081,49,4001,4,42,6,0.3757555509108352,0.09880966725373172
31,319,31083,49,4005,4,42,6,3.309473002844757,0.8702677190094152
31,319,31089,49,4001,4,42,6,1.8212303649341024,0.4789155234442125
31,319,31099,49,4001,4,42,6,0.09779481501090363,0.0257163815862314
31,319,31099,49,4005,4,42,6,4.605797812501189,1.2111526980454377
31,319,31107,49,4001,4,42,6,2.7525900444613867,0.7238283126353712
31,319,31109,49,4001,4,42,4,0.00011245,0.002249
31,319,31109,49,4001,4,42,6,6.868861538823151,1.8062538834566024
31,319,31119,49,4001,4,42,6,5.176899663644173,1.3613311418306078
31,319,31121,49,4001,4,42,6,3.197264219902165,0.8407610025320991
31,319,31123,49,4015,4,42,6,0.3378061697167574,0.08883039823380005
31,319,31123,49,4025,4,42,6,1.0085708435891836,0.2652164398244929
31,319,31135,49,4015,4,42,6,0.12067027879307672,0.0317317736652367
31,319,31135,49,4025,4,42,6,0.36027916535841176,0.09473995623278048
31,319,31145,49,4025,4,42,6,0.6554155445792901,0.17234979421014734
31,319,31151,49,4001,4,42,6,1.4386333525263195,0.3783068074940503
31,319,31157,49,4015,4,42,6,0.7921024527182361,0.20829334282416528
31,319,31157,49,4025,4,42,6,2.36494034320612,0.6218909283460552
31,319,31161,49,4001,4,42,6,0.010684165380909518,0.0028095362094119032
31,319,31161,49,4005,4,42,6,0.5031872654425226,0.1323194458316574
31,319,31161,49,4025,4,42,6,1.2774357259700058,0.3359178559442694
31,319,31169,49,4001,4,42,6,0.3729845899809738,0.09808100808478794
32,321,32003,49,4015,4,42,3,0.0033361842684471736,0.02737348871712361
32,321,32003,49,4015,4,42,7,0.029215667836923094,0.0040429282268989964
32,321,32003,49,4025,4,42,3,0.009960677109059369,0.08172764467433236
32,321,32003,49,4025,4,42,7,0.14422193485697438,0.019957672441414626
33,339,33003,49,4001,4,42,7,1.7756136798956075e-05,0.00015681657450167152
33,339,33005,49,4005,4,42,7,0.0008681513025177021,0.00766723724599792
33,339,33005,49,4025,4,42,7,0.0022039657311442537,0.0194647270512938
33,339,33009,49,4005,4,42,7,0.00012319103580059543,0.0010879841973676346
33,339,33019,49,4005,4,42,7,1.2639660724007965e-05,0.00011162947886945642
33,339,33019,49,4025,4,42,7,3.208816137027622e-05,0.0002833924746761026
34,341,34003,49,4025,4,42,7,0.012737654818356509,0.13703638601599322
34,341,34013,49,4005,4,42,7,0.00431987055934645,0.038747568249165545
34,341,34013,49,4015,4,42,7,0.01209916137179696,0.1301672381501457
34,341,34021,49,4005,4,42,7,0.0004063651517625309,0.0036449382535164014
34,341,34023,49,4005,4,42,7,0.009001381782159902,0.08073891338860002
34,341,34023,49,4015,4,42,7,0.0049641218262046075,0.05340585252992151
34,341,34023,49,4025,4,42,7,0.014821128169839631,0.15945116036177145
34,341,34025,49,4005,4,42,7,0.0015537998792857124,0.013936984000112458
34,341,34025,49,4015,4,42,7,0.0007750524116861531,0.008338299552393907
34,341,34025,49,4025,4,42,7,0.0023140348956194844,0.024895240429470628
34,341,34027,49,4005,4,42,7,0.00337161623651048,0.030242093701518036
34,341,34027,49,4025,4,42,7,0.008559483378402389,0.07677525560683028
34,341,34029,49,4005,4,42,7,0.00045681174822966963,0.004097424714093197
34,341,34029,49,4015,4,42,7,0.00031394614458310857,0.0033775483533533737
34,341,34029,49,4025,4,42,7,0.0009373331699336644,0.010084175771156395
34,341,34031,49,4005,4,42,7,0.0017073052615125845,0.015313867911965087
34,341,34035,49,4005,4,42,7,0.0007176616495613004,0.006437147447860616
34,341,34035,49,4025,4,42,7,0.001821919379263168,0.016341912222285933
34,341,34037,49,4005,4,42,7,3.0264834790605383e-05,0.0002714638634394908
34,341,34037,49,4015,4,42,7,0.0002563387436940015,0.002757786698779324
34,341,34037,49,4025,4,42,7,7.683298814825716e-05,0.0006891621892745609
34,341,34039,49,4005,4,42,7,0.0026445596571374195,0.0237206773666442
34,341,34039,49,4015,4,42,7,0.0018174867693220946,0.019553192644289164
34,341,34039,49,4025,4,42,7,0.00542637858178951,0.05837898110815429
35,350,35001,49,4001,4,42,6,0.00017005189312744792,0.0004555543977356604
35,350,35001,49,4001,4,42,7,0.01248954071356108,0.06179035931972324
35,350,35001,49,4001,4,42,43,1.6068278757915138,5.88808669839066
35,350,35001,49,4005,4,42,43,0.9542655052483652,2.8168898541974343
35,350,35001,49,4015,4,42,43,0.4073594097984704,3.4966947251960683
35,350,35001,49,4025,4,42,43,2.4049898983241818,6.621361806751453
35,350,35005,49,4001,4,42,4,4.115105887874317,1.898233853708697
35,350,35005,49,4001,4,42,5,0.0009228009143270184,0.003131864423859857
35,350,35005,49,4001,4,42,7,0.0009971393210113162,0.003906555695146309
35,350,35005,49,4001,4,42,43,0.03859452362250352,0.09649244108888202
35,350,35005,49,4005,4,42,43,0.02435580514402477,0.07482776185853496
35,350,35005,49,4025,4,42,43,0.018223903256505324,0.08906798516793499
35,350,35009,49,4001,4,42,43,0.08393070520204858,0.2573387265949327
35,350,35009,49,4005,4,42,43,0.006610175941399199,0.03771895813646898
35,350,35009,49,4025,4,42,43,0.008003983172299469,0.027317911599664672
35,350,35013,49,4001,4,42,5,0.001683851600823108,0.005714769937699181
35,350,35013,49,4001,4,42,6,4.235204677637705e-05,0.0001134574911649178
35,350,35013,49,4001,4,42,7,0.0022077671859873408,0.008690161856718712
35,350,35013,49,4001,4,42,43,0.01889126409206125,0.057290886975114086
35,350,35013,49,4005,4,42,5,0.0793035910828503,0.2691459140759944
35,350,35013,49,4005,4,42,43,0.21256552940492984,0.5737611917502234
35,350,35013,49,4015,4,42,43,0.010938467995147055,0.037512609574713265
35,350,35013,49,4025,4,42,43,0.21526175903803846,0.7430162545484944
35,350,35015,49,4001,4,42,43,0.0005165252071914848,0.0014995583413431946
35,350,35015,49,4005,4,42,43,0.0003404937621746096,0.0011884036356829134
35,350,35015,49,4025,4,42,43,0.0015497004554956009,0.008360448360782567
35,350,35025,49,4001,4,42,43,0.04769811690480096,0.1716636132326115
35,350,35025,49,4005,4,42,43,0.009717218902970648,0.03208389674921271
35,350,35027,49,4001,4,42,5,1.0932767053325026e-05,3.710436742861961e-05
35,350,35027,49,4001,4,42,7,1.2258548558717634e-05,4.802608991260758e-05
35,350,35027,49,4001,4,42,43,0.0002662600546057322,0.0009685190361431623
35,350,35027,49,4005,4,42,43,0.0002856332453073555,0.0010325614725049893
35,350,35027,49,4025,4,42,43,0.0006523119448986639,0.002274932463601697
35,350,35029,49,4001,4,42,6,6.3246435110534126e-06,1.6943176065739635e-05
35,350,35031,49,4001,4,42,3,0.001536087607377657,0.0045715644833901605
35,350,35031,49,4005,4,42,3,0.07234441765733057,0.21530488804502484
35,350,35031,49,4005,4,42,6,2.633415341871632e-06,7.054693235053099e-06
35,350,35031,49,4005,4,42,7,0.00010942872219472164,0.0005413842045423075
35,350,35031,49,4005,4,42,43,0.03334428561768167,0.1178492269880645
35,350,35031,49,4015,4,42,5,0.011135962017237893,0.037793984299069175
35,350,35031,49,4015,4,42,43,0.11435976389575278,0.2952003558008021
35,350,35031,49,4025,4,42,3,0.18365994141106834,0.5465920440629749
35,350,35031,49,4025,4,42,5,0.0332480801499866,0.11283959277318566
35,350,35031,49,4025,4,42,6,6.685421253786878e-06,1.7909668612718797e-05
35,350,35031,49,4025,4,42,7,0.028372880290990343,0.11144425502953476
35,350,35031,49,4025,4,42,43,0.3122162720958178,0.92407622255718
35,350,35035,49,4001,4,42,5,0.00027639151662026406,0.0009380363028692454
35,350,35035,49,4001,4,42,7,0.00030990862708235107,0.0012141486014969742
35,350,35035,49,4001,4,42,43,0.0035622204300192343,0.010718067582604822
35,350,35035,49,4005,4,42,43,0.0012002421320166288,0.007041788135584478
35,350,35035,49,4025,4,42,43,0.015847701490782073,0.05224836359159806
35,350,35037,49,4001,4,42,5,0.0038543266531864974,0.013081075598904177
35,350,35037,49,4001,4,42,43,0.008490903975749708,0.023270831171478545
35,350,35037,49,4005,4,42,43,0.0004579815769967225,0.0022383512320594857
35,350,35037,49,4025,4,42,43,0.0011626725644123515,0.005682476539995783
35,350,35039,49,4001,4,42,3,0.008005464086822421,0.023825135439280387
35,350,35039,49,4001,4,42,5,1.3978689803330215e-05,4.744182695045326e-05
35,350,35039,49,4001,4,42,7,5.163134371768244e-05,0.0002147982926276736
35,350,35039,49,4001,4,42,43,0.0018722412701083512,0.006531625010243148
35,350,35039,49,4005,4,42,5,0.0006583479800092932,0.002234346092531541
35,350,35039,49,4005,4,42,43,0.0015172759672748225,0.003935590971561381
35,350,35039,49,4015,4,42,43,0.00020349060015633315,0.000994545323327956
35,350,35039,49,4025,4,42,43,0.0024470100188888825,0.008790296905297172
35,350,35043,49,4001,4,42,3,0.0353822961441962,0.10530157760320506
35,350,35043,49,4001,4,42,7,4.709399752769531e-05,0.0002329913561896505
35,350,35043,49,4001,4,42,43,0.005671107046362828,0.01835553667723106
35,350,35043,49,4005,4,42,5,0.0009173901883521527,0.0031135011345253486
35,350,35043,49,4005,4,42,43,0.0035482243890273923,0.011118576834342274
35,350,35043,49,4015,4,42,43,0.0025804903154039546,0.016212532569605174
35,350,35043,49,4025,4,42,5,0.0023289679245454904,0.00790420953637019
35,350,35043,49,4025,4,42,43,0.010751039508364906,0.030329348407269432
35,350,35045,49,4001,4,42,3,0.019641141540699958,0.05845418233273165
35,350,35045,49,4001,4,42,6,2.6074275536543154e-07,6.985074185290753e-07
35,350,35045,49,4001,4,42,7,0.0002001687501612965,0.0007911832241682059
35,350,35045,49,4001,4,42,43,0.0007196619413194777,0.0025687115000652605
35,350,35045,49,4005,4,42,6,1.2280082662396153e-05,3.289728540228197e-05
35,350,35045,49,4005,4,42,7,0.009427256358337657,0.03726199556444038
35,350,35045,49,4005,4,42,43,0.05564092019816602,0.16580066743219732
35,350,35045,49,4015,4,42,5,0.013666746072216948,0.04638313112717026
35,350,35045,49,4015,4,42,43,0.05016225807740492,0.14020927546883635
35,350,35045,49,4025,4,42,5,0.04080411446224464,0.1384837752621935
35,350,35045,49,4025,4,42,6,3.117530467909185e-05,8.351596025258875e-05
35,350,35045,49,4025,4,42,7,0.023123534020466158,0.09059252966570792
35,350,35045,49,4025,4,42,43,0.30882257757383674,0.8768532283114795
35,350,35047,49,4001,4,42,5,0.00013249947496236534,0.0004496857180916125
35,350,35047,49,4001,4,42,7,0.0021995788203500355,0.008617428865252937
35,350,35047,49,4001,4,42,43,0.013252704098340949,0.03536890812042326
35,350,35047,49,4005,4,42,43,0.0012028073891433395,0.0037042995724451346
35,350,35047,49,4015,4,42,43,0.0003722340935564012,0.0012765473399175805
35,350,35047,49,4025,4,42,43,0.004661732261470269,0.017089248047447433
35,350,35049,49,4001,4,42,6,0.0001550092219556786,0.0004152563752910938
35,350,35049,49,4001,4,42,7,0.005160190400163282,0.021467581662206192
35,350,35049,49,4001,4,42,43,0.29076032464738794,1.013392195181288
35,350,35049,49,4005,4,42,43,0.05137600444095969,0.15755488125475925
35,350,35049,49,4015,4,42,43,0.08161824069202835,0.2784888626481317
35,350,35049,49,4025,4,42,43,0.15150278204961545,0.5808874531843248
35,350,35055,49,4001,4,42,5,0.00024613335399262866,0.0008353440952721525
35,350,35055,49,4001,4,42,7,0.003789405025514914,0.014845991399303498
35,350,35055,49,4001,4,42,43,0.021072602526611573,0.05743124522832142
35,350,35055,49,4005,4,42,43,0.0025130764720676553,0.005814550969392282
35,350,35055,49,4025,4,42,43,0.002247060213496316,0.010982341321182277
35,350,35061,49,4001,4,42,6,1.4134771946834528e-06,3.786583849757669e-06
36,362,36009,49,4025,4,42,3,1.8495697637662965e-05,0.0009247848818831484
36,362,36029,49,4025,4,42,3,0.0002446051405041908,0.01223025702520954
36,362,36063,49,4025,4,42,3,8.43096457583964e-06,0.00042154822879198194
36,369,36011,49,4005,4,42,6,0.4948402193394671,0.9326745467900528
36,369,36011,49,4025,4,42,6,1.2562451759886093,2.3677701495976957
39,393,39041,49,4025,4,42,3,0.0012080669926109464,0.022138168077153887
39,393,39041,49,4025,4,42,6,3.614189580776969e-05,0.00012399685756174487
39,393,39045,49,4005,4,42,6,8.434921482586436e-06,2.8938818350417755e-05
39,393,39045,49,4025,4,42,6,2.141363819716658e-05,7.346664545588087e-05
39,393,39047,49,4025,4,42,3,0.03765728988174514,0.6900804490406757
39,393,39047,49,4025,4,42,6,7.79849050662229e-05,0.0002675532909755063
39,393,39049,49,4025,4,42,3,0.032943029512362346,0.603690299276463
39,393,39049,49,4025,4,42,6,0.001169836911818214,0.0040135166593560576
39,393,39083,49,4005,4,42,3,0.008075784530111452,0.1479910272989828
39,393,39083,49,4005,4,42,6,6.617429480446961e-07,2.2703304361125287e-06
39,393,39083,49,4025,4,42,3,0.020501901344676738,0.3757031196496317
39,393,39083,49,4025,4,42,6,1.6799592145830406e-06,5.763661777681628e-06
39,393,39089,49,4005,4,42,6,1.0915338860597744e-05,3.744871948982688e-05
39,393,39089,49,4025,4,42,6,2.7710645279016968e-05,9.507063364583205e-05
39,393,39091,49,4025,4,42,6,2.643178932709319e-06,9.068309071902755e-06
39,393,39097,49,4025,4,42,3,0.03626744749366781,0.6646111956166498
39,393,39097,49,4025,4,42,6,3.847812472472383e-06,1.3201207197628356e-05
39,393,39101,49,4025,4,42,3,0.03898523258423469,0.7144153732827547
39,393,39101,49,4025,4,42,6,0.00010136862822763058,0.0003477789715964165
39,393,39119,49,4005,4,42,6,0.00012395736015774033,0.0004252771689941335
39,393,39129,49,4025,4,42,3,0.01770106446289162,0.3243769945051636
39,393,39129,49,4025,4,42,6,1.0032631880249365e-06,3.4420298061876036e-06
39,393,39141,49,4005,4,42,6,1.846561786897353e-06,6.335247605346956e-06
39,393,39141,49,4025,4,42,6,4.687845179705041e-06,1.608322026357114e-05
39,399,39003,49,4025,4,42,5,0.0074318275785959535,0.0509268348589793
39,399,39013,49,4001,4,42,5,4.482124061172727e-05,0.00030713897687589364
39,399,39029,49,4001,4,42,5,4.1942310787023936e-05,0.0002997965688820165
39,399,39039,49,4015,4,42,5,5.965766383604044e-05,0.00040880603890766203
39,399,39039,49,4025,4,42,5,0.00017811687806686753,0.0012205515721372573
39,399,39063,49,4025,4,42,5,0.0004777947248143176,0.003272850975343081
39,399,39069,49,4025,4,42,5,0.0003189056298693889,0.0021853109717899872
39,399,39075,49,4005,4,42,5,0.0017425773162422454,0.011907611660988677
39,399,39081,49,4001,4,42,5,4.1921884548849823e-05,0.00030117907538788213
39,399,39095,49,4025,4,42,5,0.010234869810870493,0.07013477090918017
39,399,39099,49,4001,4,42,5,0.0006527799250690687,0.004665960890054547
39,399,39107,49,4015,4,42,5,0.00031000649474946344,0.002124329365334874
39,399,39107,49,4025,4,42,5,0.0009255707561225217,0.006342503045025899
39,399,39139,49,4005,4,42,5,0.00046756229263699334,0.003204580855719577
39,399,39139,49,4025,4,42,5,0.0011869950170651988,0.008135432577483072
39,399,39143,49,4025,4,42,5,0.0011196024875351836,0.007672111655902916
39,399,39145,49,4025,4,42,5,0.00041450999088506814,0.00283935622873372
39,399,39155,49,4001,4,42,5,9.852215397327188e-05,0.0007042197524603398
39,399,39167,49,4001,4,42,5,3.820747712669076e-07,3.362257987148787e-06
39,399,39173,49,4025,4,42,5,0.0015162925186731722,0.010390442711396044
40,402,40037,49,4015,4,42,7,9.790187752778229e-07,1.7795182999588428e-06
40,402,40143,49,4015,4,42,7,0.0003042052796230872,0.0005529402251552949
41,411,41003,49,4001,4,42,7,9.751941305825469e-11,6.972638033665207e-09
41,411,41003,49,4025,4,42,7,1.165975794785345e-08,8.336726932715214e-07
41,411,41005,49,4001,4,42,7,4.885373033949547e-09,3.493041719273927e-07
41,411,41005,49,4005,4,42,7,2.300841862680384e-07,1.6451019318164746e-05
41,411,41005,49,4025,4,42,7,5.841120785539889e-07,4.176401361661021e-05
41,411,41043,49,4001,4,42,7,2.965926826720219e-09,2.120637681104956e-07
41,411,41043,49,4005,4,42,7,1.396849034278913e-07,9.987470595094227e-06
41,411,41043,49,4025,4,42,7,3.5461645846806686e-07,2.535507678046677e-05
41,411,41047,49,4001,4,42,3,1.6779566101165666e-05,3.880105784424138e-05
41,411,41047,49,4001,4,42,7,4.081320577894941e-09,2.9181442131948824e-07
41,411,41047,49,4005,4,42,3,0.0007902595739339678,0.0018273957297410266
41,411,41047,49,4005,4,42,7,1.922160943572391e-07,1.3743450746542595e-05
41,411,41047,49,4025,4,42,3,0.002006222895258064,0.004639188530741674
41,411,41047,49,4025,4,42,7,4.879767889642798e-07,3.4890340410946e-05
41,411,41051,49,4001,4,42,3,0.00013897261707059992,0.0003213601901986818
41,411,41051,49,4001,4,42,7,9.273689956195016e-09,6.630688318679436e-07
41,411,41051,49,4005,4,42,3,0.006545129980868296,0.015134954351895125
41,411,41051,49,4005,4,42,7,4.3675874747853424e-07,3.122825044471519e-05
41,411,41051,49,4025,4,42,3,0.01661604623742925,0.038422934616664094
41,411,41051,49,4025,4,42,7,1.1087944110992657e-06,7.927880039359749e-05
41,411,41053,49,4001,4,42,7,4.883547689169095e-10,3.491736597755902e-08
41,411,41053,49,4005,4,42,7,2.299982188371891e-08,1.6444872646859017e-06
41,411,41053,49,4025,4,42,7,5.8389383402560224e-08,4.174840913283056e-06
41,411,41067,49,4001,4,42,7,4.224021202701444e-09,3.020175159931532e-07
41,411,41067,49,4005,4,42,3,0.0002762592501959935,0.0006388217122084487
41,411,41067,49,4005,4,42,7,1.9893680061864027e-07,1.4223981244232776e-05
41,411,41067,49,4025,4,42,3,0.0007013361825039259,0.001621769336675745
41,411,41067,49,4025,4,42,7,5.050385686866142e-07,3.6110257661092906e-05
41,411,41071,49,4005,4,42,7,8.764087125718923e-08,6.266322294889027e-06
42,421,42011,49,4001,4,42,4,0.00047045007712571204,2.1580278767234496e-05
42,421,42017,49,4001,4,42,4,0.006799305123636157,0.0003118947304420256
42,421,42029,49,4001,4,42,4,0.0004418935444880725,2.0270346077434526e-05
42,421,42045,49,4001,4,42,4,0.0038270276990741213,0.00017555172931532664
42,421,42091,49,4001,4,42,4,0.007258341391350525,0.0003329514399702076
42,421,42101,49,4001,4,42,4,0.02208582745348596,0.0010131113510773377
42,422,42003,49,4005,4,42,7,6.751862627511385e-07,2.025558788253416e-06
42,422,42003,49,4025,4,42,7,1.7140876030794488e-06,5.142262809238346e-06
42,422,42005,49,4005,4,42,7,1.2132363533480308e-08,3.639709060044094e-08
42,422,42007,49,4025,4,42,7,3.4990431796190006e-08,1.0497129538857006e-07
42,422,42019,49,4005,4,42,7,4.8179602465444304e-08,1.4453880739633295e-07
42,422,42019,49,4025,4,42,7,1.2231300289021596e-07,3.6693900867064795e-07
42,422,42051,49,4005,4,42,7,4.082772361755543e-08,1.224831708526663e-07
42,422,42051,49,4025,4,42,7,1.0364887257873608e-07,3.1094661773620824e-07
42,422,42073,49,4025,4,42,7,3.2094577318406374e-07,9.628373195521912e-07
42,422,42125,49,4005,4,42,7,8.369829283899598e-08,2.51094878516988e-07
42,422,42125,49,4025,4,42,7,2.1248389380681968e-07,6.374516814204593e-07
42,422,42129,49,4005,4,42,7,1.0917842161843958e-07,3.2753526485531874e-07
42,422,42129,49,4025,4,42,7,2.7717000381111933e-07,8.315100114333581e-07
46,460,46083,49,4001,4,42,7,4.6581836445346085e-09,1.925382573074305e-07
46,460,46083,49,4005,4,42,4,0.00032601055598268904,5.541995450810411e-05
46,460,46083,49,4025,4,42,4,0.0008276392505469759,0.00014069400138341022
46,460,46093,49,4001,4,42,7,2.704478826208875e-10,1.1944432742406256e-08
46,460,46093,49,4005,4,42,7,1.2737160615641842e-08,5.625415027413114e-07
46,460,46093,49,4015,4,42,7,4.933883257532345e-10,2.0393384131133686e-08
46,460,46093,49,4025,4,42,7,3.380876786432023e-08,1.4890051442994663e-06
46,460,46099,49,4001,4,42,7,4.165989869516962e-08,1.721942479400344e-06
46,460,46099,49,4005,4,42,4,0.002170623585037306,0.0003689937584210401
46,460,46099,49,4025,4,42,4,0.0055105371411202355,0.0009367602124279613
46,460,46103,49,4001,4,42,7,1.6261897530823137e-09,7.463158447662399e-08
46,460,46103,49,4005,4,42,7,4.137312904509924e-08,1.2963580434131091e-06
46,460,46103,49,4025,4,42,7,2.0494688448665645e-07,9.357789548684904e-06
46,460,46125,49,4001,4,42,7,9.176249623319809e-07,4.052067079080749e-05
46,460,46125,49,4025,4,42,4,0.0005171111782373187,8.790598171632838e-05
47,471,47157,49,4005,4,42,7,0.03324668530135242,3.7014642968839033
47,479,47011,49,4015,4,42,6,0.01912056211086584,0.04381273157421845
47,479,47059,49,4025,4,42,6,0.005080638351313258,0.011641741650747302
47,479,47065,49,4015,4,42,6,0.02254603033772977,0.051661827174515486
47,479,47123,49,4015,4,42,6,8.049009264265562e-05,0.00018443447440975646
47,479,47123,49,4025,4,42,6,0.0002403152100662999,0.0005506567082488318
47,479,47163,49,4005,4,42,6,0.0003052978206819318,0.0006995574392726707
47,479,47163,49,4025,4,42,6,0.0007750560675594693,0.0017759584287354742
48,481,48055,49,4005,4,42,4,7.442045465497912e-05,5.49702878375434e-05
48,481,48055,49,4025,4,42,4,0.0001889303526701837,0.000139552437776376
48,481,48453,49,4005,4,42,4,0.0021250160789513615,0.0015696322477593036
48,481,48453,49,4025,4,42,4,0.005394753889738977,0.003984807342369784
48,481,48491,49,4025,4,42,4,0.00017909762347896962,0.00013228954269765733
48,482,48245,49,4001,4,42,7,1.271159086348515e-07,8.84942840356608e-07
48,484,48085,49,4005,4,42,7,0.0008498537337986563,0.01841581719073743
48,484,48085,49,4025,4,42,7,0.0021575139037921763,0.04675202338773767
48,484,48113,49,4005,4,42,7,0.028915005348419925,0.626570704332344
48,484,48113,49,4025,4,42,7,0.07340619166147122,1.5906678438223574
48,484,48121,49,4005,4,42,7,0.00010480780510490125,0.0026941771076965785
48,484,48121,49,4025,4,42,7,0.021106622012097138,0.4569912173427718
48,484,48139,49,4005,4,42,7,0.006376569334731671,0.13817640671836076
48,484,48139,49,4025,4,42,7,0.0161881232629117,0.3507868552137639
48,484,48181,49,4005,4,42,7,4.8696785308234276e-05,0.00105522992998404
48,484,48181,49,4025,4,42,7,0.00012362596902750012,0.0026789000919746377
48,484,48221,49,4025,4,42,7,1.173976721473208e-05,0.0002543936659805736
48,484,48257,49,4005,4,42,7,0.004550033899536207,0.09859648686954964
48,484,48257,49,4015,4,42,7,0.00017495818729032777,0.003539154188615773
48,484,48257,49,4025,4,42,7,0.011551118752042622,0.25030576771757
48,484,48439,49,4005,4,42,7,0.0004468510046325168,0.011486699354377048
48,484,48439,49,4025,4,42,7,0.08998867251407923,1.9483948201516617
48,485,48141,49,4001,4,42,43,0.02026917858094711,0.02708415288224821
48,487,48479,49,4025,4,42,3,0.3059387117983004,0.4142531331581196
48,488,48029,49,4001,4,42,7,4.802149126243777e-06,2.6307425648118085e-05
48,488,48187,49,4001,4,42,7,4.6429107010975836e-08,2.5435076014708505e-07
48,489,48025,49,4005,4,42,3,0.00016261980486342696,0.000538640873801296
48,489,48025,49,4025,4,42,3,0.00041284102907517136,0.0013674413939238964
48,489,48037,49,4005,4,42,3,0.03478194762647482,0.11520723861260015
48,489,48037,49,4025,4,42,3,0.08830053057444051,0.29247529220490043
48,489,48041,49,4005,4,42,3,0.004754921262299513,0.01574958810049206
48,489,48041,49,4025,4,42,3,0.012071263944436248,0.03998329824819221
48,489,48089,49,4005,4,42,3,0.0019004117027848766,0.006294678689535625
48,489,48089,49,4025,4,42,3,0.004824553342092076,0.015980228423394718
48,489,48183,49,4005,4,42,3,0.0307710386161449,0.10192202076428213
48,489,48183,49,4025,4,42,3,0.07811808198066604,0.2587482623846786
48,489,48215,49,4001,4,42,3,0.0011893799084542825,0.003939548652819725
48,489,48215,49,4025,4,42,3,0.14220637107744735,0.4710260477904094
48,489,48309,49,4025,4,42,3,0.12661506714628176,0.4193834229561365
48,489,48347,49,4005,4,42,3,0.005952293261320571,0.019715608723623167
48,489,48347,49,4025,4,42,3,0.015111018472962444,0.05005178920943695
48,489,48423,49,4005,4,42,3,0.05500952091486564,0.1822064442757042
48,489,48423,49,4025,4,42,3,0.1396520383387374,0.4625654053765688
48,489,48469,49,4005,4,42,3,0.04701518074469155,0.15572702266808547
48,489,48469,49,4025,4,42,3,0.11935689885432207,0.3953424021575852
49,491,49003,49,4001,4,42,3,0.002656579097226901,0.03542401968969866
49,491,49003,49,4001,4,42,7,5.172095823417696e-09,6.103073071632881e-07
49,491,49003,49,4005,4,42,3,7.918617510474128e-05,0.002600170285390549
49,491,49003,49,4005,4,42,7,2.4358783875083517e-07,2.8743364972598546e-05
49,491,49003,49,4015,4,42,3,6.73317574708805e-05,0.0022109166758885928
49,491,49003,49,4025,4,42,3,0.00020102903238768038,0.0066010224110946295
49,491,49003,49,4025,4,42,7,6.183936458695643e-07,7.297045021260858e-05
49,491,49011,49,4001,4,42,3,7.628956779521094e-05,0.0015488035830106995
49,491,49011,49,4005,4,42,3,0.002108882097717468,0.02169199690547672
49,491,49011,49,4005,4,42,7,3.8677282475318973e-07,2.9085316421439862e-05
49,491,49011,49,4025,4,42,3,0.00047975048380870976,0.01575316588724156
49,491,49035,49,4001,4,42,3,4.2110392694087183e-05,0.0014150036051543712
49,491,49035,49,4001,4,42,7,5.140804199669407e-06,2.033488359737644e-06
49,491,49035,49,4005,4,42,3,0.005927983139444569,0.09835261308581424
49,491,49035,49,4005,4,42,7,0.0002429749577082264,0.00022098082352936996
49,491,49035,49,4015,4,42,7,0.00020510367028930658,7.53115429737073e-05
49,491,49035,49,4025,4,42,3,0.015941853272903508,0.2813721954003543
49,491,49035,49,4025,4,42,7,4.470047881961856e-06,0.00033614760072353154
49,491,49043,49,4001,4,42,3,0.002334119306183274,0.02970368079677345
49,491,49043,49,4005,4,42,3,1.94430036552997e-05,0.0003142705598574095
49,491,49043,49,4025,4,42,3,5.2085757800332644e-05,0.000894609049358725
49,491,49049,49,4001,4,42,3,0.11103835789343093,1.413587314676911
49,491,49049,49,4001,4,42,7,2.1707340733730072e-07,7.058345163699372e-07
49,491,49049,49,4005,4,42,3,0.0005836931910760034,0.00777601843640955
49,491,49049,49,4005,4,42,7,3.9405784933452587e-07,2.963315026995635e-05
49,491,49049,49,4015,4,42,3,0.0004963124980711514,0.006611924199607846
49,491,49049,49,4015,4,42,7,3.3506615903336424e-07,2.519697515930899e-05
49,491,49049,49,4025,4,42,3,0.001481815193852704,0.01974088860880689
49,491,49049,49,4025,4,42,7,2.5954046554369405e-05,8.439201338504206e-05
49,491,49057,49,4001,4,42,3,3.9378994590213066e-05,0.0005926222972992927
49,491,49057,49,4001,4,42,7,2.8275926015473806e-06,0.00033232260796664835
49,491,49057,49,4005,4,42,3,0.0017534673074246878,0.024565228873147875
49,491,49057,49,4005,4,42,7,1.467166302802187e-06,0.00011033090597072441
49,491,49057,49,4015,4,42,3,6.121645432317868e-05,0.0019644413723168552
49,491,49057,49,4025,4,42,3,0.00025678134990720985,0.008492505202641339
49,499,49005,49,4001,4,42,7,6.154935767245313e-08,2.3500663838573011e-07
49,499,49005,49,4025,4,42,7,7.359053851954181e-06,2.8098205616552333e-05
49,499,49053,49,4001,4,42,7,5.283744432694736e-08,1.392987168619521e-06
49,499,49053,49,4005,4,42,7,3.155437054937136e-06,7.716579941095968e-05
49,499,49053,49,4025,4,42,7,8.010671775410243e-06,0.00019589992784079104
50,500,50003,49,4005,4,42,7,1.1866282242052671e-05,0.00028734658844601404
50,500,50003,49,4025,4,42,7,3.0124794309153748e-05,0.0007294834806555078
50,500,50007,49,4005,4,42,7,0.0009570370685722543,0.02317502070665735
50,500,50007,49,4025,4,42,7,0.0024296190035664805,0.058834158640209834
50,500,50011,49,4005,4,42,7,0.003063050441431238,0.07417294453558106
50,500,50025,49,4005,4,42,7,0.00015663495995129462,0.003792975799435965
51,511,51041,49,4005,4,42,6,0.000257605484116376,0.0023860340658079537
51,511,51041,49,4025,4,42,6,0.0006539800810075282,0.006057397252221819
51,511,51075,49,4025,4,42,6,3.330279362990781e-05,0.0003084623774998305
51,511,51085,49,4005,4,42,6,0.0021319140147350053,0.0197465495813478
51,511,51085,49,4025,4,42,6,0.005412265600011938,0.05013033840923604
51,511,51087,49,4005,4,42,6,0.0020504048694979034,0.01899158274561556
51,511,51087,49,4025,4,42,6,0.005205339270054875,0.0482137127827136
51,511,51149,49,4005,4,42,6,0.00036656229248048863,0.0033952309676139546
51,511,51149,49,4025,4,42,6,0.0009305874777976275,0.008619433824771944
51,511,51760,49,4005,4,42,6,0.0013101673484859527,0.01213523825441742
51,511,51760,49,4025,4,42,6,0.003326106785479703,0.030807589845735964
53,531,53033,49,4001,4,42,3,0.002508207156779766,0.02267572495851641
53,531,53035,49,4001,4,42,3,8.074871049589032e-05,0.0007300176721888091
53,531,53045,49,4001,4,42,3,0.0002766385838220156,0.002500981795983415
53,531,53053,49,4001,4,42,3,0.00039436599517026605,0.0035653095141286884
53,531,53057,49,4001,4,42,3,5.196586609372407e-06,4.698031753825536e-05
53,531,53057,49,4005,4,42,3,0.0002447412701302397,0.0022126105941729338
53,531,53057,49,4025,4,42,3,0.0006213218488522262,0.00561712907851617
53,531,53061,49,4001,4,42,3,0.00016017228663038404,0.0014480553202273455
53,531,53067,49,4001,4,42,3,0.00017932520919253754,0.0016212094406903275
55,551,55055,49,4025,4,42,7,0.0100878006479244,0.009833486345875886
55,551,55079,49,4005,4,42,7,0.14091564549601404,0.13736315023140866
55,551,55089,49,4005,4,42,7,0.006782613962507603,0.006611623694545227
55,551,55101,49,4005,4,42,7,0.0016717723517954712,0.001629626830321636
55,551,55101,49,4025,4,42,7,0.004244109250249641,0.004137114899403012
55,551,55127,49,4025,4,42,7,0.002672881270679141,0.002605497709233449
55,551,55131,49,4005,4,42,7,0.008523538446952845,0.008308659326441429
55,551,55133,49,4005,4,42,7,0.03162399494153793,0.0308267513715832
55,551,55133,49,4025,4,42,7,0.08028347239807042,0.0782595193124048
